group,Соки,,,,1
Сок апельсиновый свежевыжатый,54,250,,ebaf3582-52fd-11e4-aaab-000b6a4d90f4
Сок апельсиновый восстановленный,43,250,,ebafbd54-52fd-11e4-aaab-000b6a4d90f4
Сок виноградный,54,250,,ebb02de2-52fd-11e4-aaab-000b6a4d90f4
Сок вишневый,47,250,,ebb2953d-52fd-11e4-aaab-000b6a4d90f4
Сок гранатовый,64,250,,ebb3e3e9-52fd-11e4-aaab-000b6a4d90f4
Сок грейпфрутовый,36,250,,ebb47f40-52fd-11e4-aaab-000b6a4d90f4
Сок грушевый,59,250,,ebb4ef96-52fd-11e4-aaab-000b6a4d90f4
Сок лимонный,16,250,,ebb6e276-52fd-11e4-aaab-000b6a4d90f4
Сок морковный,27,250,,ebb837bc-52fd-11e4-aaab-000b6a4d90f4
Сок персиковый,69,250,,ebb9bf4b-52fd-11e4-aaab-000b6a4d90f4
Сок свекольный,42,250,,ebbc900e-52fd-11e4-aaab-000b6a4d90f4
Сок сливовый,65,250,,ebbd045a-52fd-11e4-aaab-000b6a4d90f4
Сок ананасовый,48,250,,ebbef53d-52fd-11e4-aaab-000b6a4d90f4
Сок томатный,18,250,,ebc2b6c2-52fd-11e4-aaab-000b6a4d90f4
Сок яблочный,46,250,,ebc4409e-52fd-11e4-aaab-000b6a4d90f4
,,,,ebc5118d-52fd-11e4-aaab-000b6a4d90f4
,,,,ebc924f3-52fd-11e4-aaab-000b6a4d90f4
,,,,ebc996bc-52fd-11e4-aaab-000b6a4d90f4
,,,,ebca24e8-52fd-11e4-aaab-000b6a4d90f4
,,,,ebca960a-52fd-11e4-aaab-000b6a4d90f4
,,,,ebcb376a-52fd-11e4-aaab-000b6a4d90f4
,,,,ebcd9377-52fd-11e4-aaab-000b6a4d90f4
,,,,ebce8b21-52fd-11e4-aaab-000b6a4d90f4
,,,,ebcf2894-52fd-11e4-aaab-000b6a4d90f4
,,,,ebcfcca1-52fd-11e4-aaab-000b6a4d90f4
,,,,ebd1a675-52fd-11e4-aaab-000b6a4d90f4
,,,,ebd34f9b-52fd-11e4-aaab-000b6a4d90f4
,,,,ebd3d3d3-52fd-11e4-aaab-000b6a4d90f4
,,,,ebd45ad9-52fd-11e4-aaab-000b6a4d90f4
,,,,ebd520cb-52fd-11e4-aaab-000b6a4d90f4
,,,,ebd6d088-52fd-11e4-aaab-000b6a4d90f4
,,,,ebd8a4e5-52fd-11e4-aaab-000b6a4d90f4
,,,,ebd96783-52fd-11e4-aaab-000b6a4d90f4
,,,,ebd9d889-52fd-11e4-aaab-000b6a4d90f4
,,,,ebda91dd-52fd-11e4-aaab-000b6a4d90f4
,,,,ebdc543b-52fd-11e4-aaab-000b6a4d90f4
,,,,ebdde737-52fd-11e4-aaab-000b6a4d90f4
,,,,ebdf1263-52fd-11e4-aaab-000b6a4d90f4
,,,,ebe1217b-52fd-11e4-aaab-000b6a4d90f4
,,,,ebe22fe9-52fd-11e4-aaab-000b6a4d90f4
,,,,ebe2cdc8-52fd-11e4-aaab-000b6a4d90f4
,,,,ebe3c0e0-52fd-11e4-aaab-000b6a4d90f4
,,,,ebe49842-52fd-11e4-aaab-000b6a4d90f4
,,,,ebe7cf75-52fd-11e4-aaab-000b6a4d90f4
,,,,ebe8a69a-52fd-11e4-aaab-000b6a4d90f4
,,,,ebe980ab-52fd-11e4-aaab-000b6a4d90f4
,,,,ebea49bc-52fd-11e4-aaab-000b6a4d90f4
,,,,ebecca77-52fd-11e4-aaab-000b6a4d90f4
,,,,ebed3b96-52fd-11e4-aaab-000b6a4d90f4
,,,,ebee7f1a-52fd-11e4-aaab-000b6a4d90f4
,,,,ebf04d98-52fd-11e4-aaab-000b6a4d90f4
,,,,ebf1cb8a-52fd-11e4-aaab-000b6a4d90f4
,,,,ebf32533-52fd-11e4-aaab-000b6a4d90f4
,,,,ebf3e69b-52fd-11e4-aaab-000b6a4d90f4
,,,,ebf51285-52fd-11e4-aaab-000b6a4d90f4
,,,,ebf6c850-52fd-11e4-aaab-000b6a4d90f4
,,,,ebf7ca45-52fd-11e4-aaab-000b6a4d90f4
,,,,ebf83c3e-52fd-11e4-aaab-000b6a4d90f4
,,,,ebf90185-52fd-11e4-aaab-000b6a4d90f4
,,,,ebfac8ca-52fd-11e4-aaab-000b6a4d90f4
,,,,ebfc707c-52fd-11e4-aaab-000b6a4d90f4
,,,,ebfd6050-52fd-11e4-aaab-000b6a4d90f4
,,,,ebfe3f69-52fd-11e4-aaab-000b6a4d90f4
,,,,ebffe500-52fd-11e4-aaab-000b6a4d90f4
,,,,ec005a29-52fd-11e4-aaab-000b6a4d90f4
,,,,ec01f87e-52fd-11e4-aaab-000b6a4d90f4
,,,,ec02aa7b-52fd-11e4-aaab-000b6a4d90f4
,,,,ec03ba27-52fd-11e4-aaab-000b6a4d90f4
,,,,ec059c2d-52fd-11e4-aaab-000b6a4d90f4
,,,,ec0750d1-52fd-11e4-aaab-000b6a4d90f4
,,,,ec07e34f-52fd-11e4-aaab-000b6a4d90f4
,,,,ec08c4c9-52fd-11e4-aaab-000b6a4d90f4
,,,,ec09382d-52fd-11e4-aaab-000b6a4d90f4
,,,,ec0a5f15-52fd-11e4-aaab-000b6a4d90f4
,,,,ec0cc758-52fd-11e4-aaab-000b6a4d90f4
,,,,ec0d7cde-52fd-11e4-aaab-000b6a4d90f4
,,,,ec0e425a-52fd-11e4-aaab-000b6a4d90f4
,,,,ec0ee37b-52fd-11e4-aaab-000b6a4d90f4
,,,,ec10da3d-52fd-11e4-aaab-000b6a4d90f4
,,,,ec114fa3-52fd-11e4-aaab-000b6a4d90f4
,,,,ec127eb1-52fd-11e4-aaab-000b6a4d90f4
,,,,ec134062-52fd-11e4-aaab-000b6a4d90f4
,,,,ec13b277-52fd-11e4-aaab-000b6a4d90f4
,,,,ec149aa7-52fd-11e4-aaab-000b6a4d90f4
,,,,ec15d5e6-52fd-11e4-aaab-000b6a4d90f4
,,,,ec16685c-52fd-11e4-aaab-000b6a4d90f4
,,,,ec18457f-52fd-11e4-aaab-000b6a4d90f4
,,,,ec18b82d-52fd-11e4-aaab-000b6a4d90f4
,,,,ec195f5f-52fd-11e4-aaab-000b6a4d90f4
,,,,ec1a2b9d-52fd-11e4-aaab-000b6a4d90f4
,,,,ec1aa189-52fd-11e4-aaab-000b6a4d90f4
,,,,ec1b4dcb-52fd-11e4-aaab-000b6a4d90f4
,,,,ec1e4f29-52fd-11e4-aaab-000b6a4d90f4
,,,,ec1ec0fd-52fd-11e4-aaab-000b6a4d90f4
,,,,ec1f33bc-52fd-11e4-aaab-000b6a4d90f4
,,,,ec1fb933-52fd-11e4-aaab-000b6a4d90f4
,,,,ec202b56-52fd-11e4-aaab-000b6a4d90f4
,,,,ec22d3a7-52fd-11e4-aaab-000b6a4d90f4
,,,,ec23957c-52fd-11e4-aaab-000b6a4d90f4
,,,,ec25ea66-52fd-11e4-aaab-000b6a4d90f4
,,,,ec27f5d4-52fd-11e4-aaab-000b6a4d90f4
,,,,ec28ed43-52fd-11e4-aaab-000b6a4d90f4
,,,,ec2b58a2-52fd-11e4-aaab-000b6a4d90f4
,,,,ec2dcea8-52fd-11e4-aaab-000b6a4d90f4
,,,,ec2e84ec-52fd-11e4-aaab-000b6a4d90f4
,,,,ec2fa7e8-52fd-11e4-aaab-000b6a4d90f4
,,,,ec301a72-52fd-11e4-aaab-000b6a4d90f4
,,,,ec31c4c6-52fd-11e4-aaab-000b6a4d90f4
,,,,ec3261c9-52fd-11e4-aaab-000b6a4d90f4
,,,,ec330c30-52fd-11e4-aaab-000b6a4d90f4
,,,,ec3477b3-52fd-11e4-aaab-000b6a4d90f4
,,,,ec36cf07-52fd-11e4-aaab-000b6a4d90f4
,,,,ec3741d1-52fd-11e4-aaab-000b6a4d90f4
,,,,ec37d487-52fd-11e4-aaab-000b6a4d90f4
,,,,ec3a7db5-52fd-11e4-aaab-000b6a4d90f4
,,,,ec3c01d1-52fd-11e4-aaab-000b6a4d90f4
,,,,ec3c9d9e-52fd-11e4-aaab-000b6a4d90f4
,,,,ec3e25f1-52fd-11e4-aaab-000b6a4d90f4
,,,,ec406b9f-52fd-11e4-aaab-000b6a4d90f4
,,,,ec4170ad-52fd-11e4-aaab-000b6a4d90f4
,,,,ec427a37-52fd-11e4-aaab-000b6a4d90f4
,,,,ec4422d4-52fd-11e4-aaab-000b6a4d90f4
,,,,ec46758c-52fd-11e4-aaab-000b6a4d90f4
,,,,ec473338-52fd-11e4-aaab-000b6a4d90f4
,,,,ec48d865-52fd-11e4-aaab-000b6a4d90f4
,,,,ec4b008f-52fd-11e4-aaab-000b6a4d90f4
,,,,ec4b9c67-52fd-11e4-aaab-000b6a4d90f4
,,,,ec4c0ecd-52fd-11e4-aaab-000b6a4d90f4
,,,,ec4dcc9b-52fd-11e4-aaab-000b6a4d90f4
,,,,ec5014ad-52fd-11e4-aaab-000b6a4d90f4
,,,,ec508710-52fd-11e4-aaab-000b6a4d90f4
,,,,ec527c53-52fd-11e4-aaab-000b6a4d90f4
,,,,ec54d71c-52fd-11e4-aaab-000b6a4d90f4
,,,,ec55bb3b-52fd-11e4-aaab-000b6a4d90f4
,,,,ec581a75-52fd-11e4-aaab-000b6a4d90f4
,,,,ec59af27-52fd-11e4-aaab-000b6a4d90f4
,,,,ec5c29a9-52fd-11e4-aaab-000b6a4d90f4
,,,,ec5d2c6c-52fd-11e4-aaab-000b6a4d90f4
,,,,ec5dc1f8-52fd-11e4-aaab-000b6a4d90f4
,,,,ec6131d7-52fd-11e4-aaab-000b6a4d90f4
,,,,ec653657-52fd-11e4-aaab-000b6a4d90f4
,,,,ec65a60e-52fd-11e4-aaab-000b6a4d90f4
,,,,ec66bf4e-52fd-11e4-aaab-000b6a4d90f4
,,,,ec690542-52fd-11e4-aaab-000b6a4d90f4
,,,,ec699ca1-52fd-11e4-aaab-000b6a4d90f4
,,,,ec6aa349-52fd-11e4-aaab-000b6a4d90f4
,,,,ec6d4246-52fd-11e4-aaab-000b6a4d90f4
,,,,ec6db3de-52fd-11e4-aaab-000b6a4d90f4
,,,,ec6f292b-52fd-11e4-aaab-000b6a4d90f4
,,,,ec701041-52fd-11e4-aaab-000b6a4d90f4
,,,,ec71f72b-52fd-11e4-aaab-000b6a4d90f4
,,,,ec72f2e7-52fd-11e4-aaab-000b6a4d90f4
,,,,ec73df32-52fd-11e4-aaab-000b6a4d90f4
,,,,ec76342d-52fd-11e4-aaab-000b6a4d90f4
,,,,ec778dd3-52fd-11e4-aaab-000b6a4d90f4
,,,,ec79f8b1-52fd-11e4-aaab-000b6a4d90f4
,,,,ec7b3a15-52fd-11e4-aaab-000b6a4d90f4
,,,,ec7c0621-52fd-11e4-aaab-000b6a4d90f4
,,,,ec7e45d1-52fd-11e4-aaab-000b6a4d90f4
,,,,ec823916-52fd-11e4-aaab-000b6a4d90f4
,,,,ec837ad3-52fd-11e4-aaab-000b6a4d90f4
,,,,ec842952-52fd-11e4-aaab-000b6a4d90f4
,,,,ec850e74-52fd-11e4-aaab-000b6a4d90f4
,,,,ec85da02-52fd-11e4-aaab-000b6a4d90f4
,,,,ec8790dd-52fd-11e4-aaab-000b6a4d90f4
,,,,ec88a397-52fd-11e4-aaab-000b6a4d90f4
,,,,ec89d110-52fd-11e4-aaab-000b6a4d90f4
,,,,ec8a8c4b-52fd-11e4-aaab-000b6a4d90f4
,,,,ec8b5639-52fd-11e4-aaab-000b6a4d90f4
,,,,ec8c547d-52fd-11e4-aaab-000b6a4d90f4
,,,,ec8ce792-52fd-11e4-aaab-000b6a4d90f4
,,,,ec8d5918-52fd-11e4-aaab-000b6a4d90f4
,,,,ec8dc9c2-52fd-11e4-aaab-000b6a4d90f4
,,,,ec8e3aef-52fd-11e4-aaab-000b6a4d90f4
,,,,ec8f4bed-52fd-11e4-aaab-000b6a4d90f4
,,,,ec90075a-52fd-11e4-aaab-000b6a4d90f4
,,,,ec90f957-52fd-11e4-aaab-000b6a4d90f4
,,,,ec9194ca-52fd-11e4-aaab-000b6a4d90f4
,,,,ec9207bc-52fd-11e4-aaab-000b6a4d90f4
,,,,ec92791b-52fd-11e4-aaab-000b6a4d90f4
,,,,ec92eaa7-52fd-11e4-aaab-000b6a4d90f4
,,,,ec93dd92-52fd-11e4-aaab-000b6a4d90f4
,,,,ec94ee52-52fd-11e4-aaab-000b6a4d90f4
,,,,ec965bb6-52fd-11e4-aaab-000b6a4d90f4
,,,,ec96e5cd-52fd-11e4-aaab-000b6a4d90f4
,,,,ec9792a0-52fd-11e4-aaab-000b6a4d90f4
,,,,ec982fb1-52fd-11e4-aaab-000b6a4d90f4
,,,,ec98fae6-52fd-11e4-aaab-000b6a4d90f4
,,,,ec996ce4-52fd-11e4-aaab-000b6a4d90f4
,,,,ec99dcfc-52fd-11e4-aaab-000b6a4d90f4
,,,,ec9a4da9-52fd-11e4-aaab-000b6a4d90f4
,,,,ec9abe8d-52fd-11e4-aaab-000b6a4d90f4
,,,,ec9b303d-52fd-11e4-aaab-000b6a4d90f4
,,,,ec9c2fac-52fd-11e4-aaab-000b6a4d90f4
,,,,ec9ca168-52fd-11e4-aaab-000b6a4d90f4
,,,,ec9d58af-52fd-11e4-aaab-000b6a4d90f4
,,,,ec9e6380-52fd-11e4-aaab-000b6a4d90f4
,,,,ec9efc26-52fd-11e4-aaab-000b6a4d90f4
,,,,ec9fac52-52fd-11e4-aaab-000b6a4d90f4
,,,,eca06f76-52fd-11e4-aaab-000b6a4d90f4
,,,,eca0e3bd-52fd-11e4-aaab-000b6a4d90f4
,,,,eca1726f-52fd-11e4-aaab-000b6a4d90f4
,,,,eca1e3a4-52fd-11e4-aaab-000b6a4d90f4
,,,,eca27c25-52fd-11e4-aaab-000b6a4d90f4
,,,,eca38ea7-52fd-11e4-aaab-000b6a4d90f4
,,,,eca485c8-52fd-11e4-aaab-000b6a4d90f4
,,,,eca51a3a-52fd-11e4-aaab-000b6a4d90f4
,,,,eca58ca0-52fd-11e4-aaab-000b6a4d90f4
,,,,eca65cad-52fd-11e4-aaab-000b6a4d90f4
,,,,eca72ce4-52fd-11e4-aaab-000b6a4d90f4
,,,,eca7ee84-52fd-11e4-aaab-000b6a4d90f4
,,,,eca87e9b-52fd-11e4-aaab-000b6a4d90f4
,,,,eca90943-52fd-11e4-aaab-000b6a4d90f4
,,,,eca97aa3-52fd-11e4-aaab-000b6a4d90f4
,,,,ecaa0654-52fd-11e4-aaab-000b6a4d90f4
,,,,ecaaa586-52fd-11e4-aaab-000b6a4d90f4
,,,,ecab164e-52fd-11e4-aaab-000b6a4d90f4
,,,,ecab8706-52fd-11e4-aaab-000b6a4d90f4
,,,,ecabf83b-52fd-11e4-aaab-000b6a4d90f4
,,,,ecac95a6-52fd-11e4-aaab-000b6a4d90f4
,,,,ecad318f-52fd-11e4-aaab-000b6a4d90f4
,,,,ecadfc13-52fd-11e4-aaab-000b6a4d90f4
,,,,ecaef5b7-52fd-11e4-aaab-000b6a4d90f4
,,,,ecaf670b-52fd-11e4-aaab-000b6a4d90f4
,,,,ecafd8b6-52fd-11e4-aaab-000b6a4d90f4
,,,,ecb049cf-52fd-11e4-aaab-000b6a4d90f4
,,,,ecb10135-52fd-11e4-aaab-000b6a4d90f4
,,,,ecb172b3-52fd-11e4-aaab-000b6a4d90f4
,,,,ecb2255f-52fd-11e4-aaab-000b6a4d90f4
,,,,ecb29707-52fd-11e4-aaab-000b6a4d90f4
,,,,ecb3857b-52fd-11e4-aaab-000b6a4d90f4
,,,,ecb49dd1-52fd-11e4-aaab-000b6a4d90f4
,,,,ecb512de-52fd-11e4-aaab-000b6a4d90f4
,,,,ecb58efd-52fd-11e4-aaab-000b6a4d90f4
,,,,ecb60cb4-52fd-11e4-aaab-000b6a4d90f4
,,,,ecb69948-52fd-11e4-aaab-000b6a4d90f4
,,,,ecb71ca0-52fd-11e4-aaab-000b6a4d90f4
,,,,ecb7e19a-52fd-11e4-aaab-000b6a4d90f4
,,,,ecb851f5-52fd-11e4-aaab-000b6a4d90f4
,,,,ecb8c243-52fd-11e4-aaab-000b6a4d90f4
,,,,ecb94d5d-52fd-11e4-aaab-000b6a4d90f4
,,,,ecba189d-52fd-11e4-aaab-000b6a4d90f4
,,,,ecbab480-52fd-11e4-aaab-000b6a4d90f4
,,,,ecbb87ba-52fd-11e4-aaab-000b6a4d90f4
,,,,ecbc53e2-52fd-11e4-aaab-000b6a4d90f4
,,,,ecbce0e3-52fd-11e4-aaab-000b6a4d90f4
,,,,ecbd5237-52fd-11e4-aaab-000b6a4d90f4
,,,,ecbdc459-52fd-11e4-aaab-000b6a4d90f4
,,,,ecbe355a-52fd-11e4-aaab-000b6a4d90f4
,,,,ecbea6a3-52fd-11e4-aaab-000b6a4d90f4
,,,,ecbf898b-52fd-11e4-aaab-000b6a4d90f4
,,,,ecc0351a-52fd-11e4-aaab-000b6a4d90f4
,,,,ecc0a8be-52fd-11e4-aaab-000b6a4d90f4
,,,,ecc1194f-52fd-11e4-aaab-000b6a4d90f4
,,,,ecc18a87-52fd-11e4-aaab-000b6a4d90f4
,,,,ecc27046-52fd-11e4-aaab-000b6a4d90f4
,,,,ecc34688-52fd-11e4-aaab-000b6a4d90f4
,,,,ecc40e50-52fd-11e4-aaab-000b6a4d90f4
,,,,ecc4806d-52fd-11e4-aaab-000b6a4d90f4
,,,,ecc4f1c6-52fd-11e4-aaab-000b6a4d90f4
,,,,ecc561b8-52fd-11e4-aaab-000b6a4d90f4
,,,,ecc5d33b-52fd-11e4-aaab-000b6a4d90f4
,,,,ecc699a8-52fd-11e4-aaab-000b6a4d90f4
,,,,ecc766b8-52fd-11e4-aaab-000b6a4d90f4
,,,,ecc818d3-52fd-11e4-aaab-000b6a4d90f4
,,,,ecc8cfd2-52fd-11e4-aaab-000b6a4d90f4
,,,,ecc94174-52fd-11e4-aaab-000b6a4d90f4
,,,,ecc9b173-52fd-11e4-aaab-000b6a4d90f4
,,,,ecca68bd-52fd-11e4-aaab-000b6a4d90f4
,,,,eccb9d68-52fd-11e4-aaab-000b6a4d90f4
,,,,ecccafb8-52fd-11e4-aaab-000b6a4d90f4
,,,,eccd2149-52fd-11e4-aaab-000b6a4d90f4
,,,,eccdb8cf-52fd-11e4-aaab-000b6a4d90f4
,,,,ecce5801-52fd-11e4-aaab-000b6a4d90f4
,,,,eccf94eb-52fd-11e4-aaab-000b6a4d90f4
,,,,ecd0081a-52fd-11e4-aaab-000b6a4d90f4
,,,,ecd0939f-52fd-11e4-aaab-000b6a4d90f4
,,,,ecd15507-52fd-11e4-aaab-000b6a4d90f4
,,,,ecd20539-52fd-11e4-aaab-000b6a4d90f4
,,,,ecd28543-52fd-11e4-aaab-000b6a4d90f4
,,,,ecd321bd-52fd-11e4-aaab-000b6a4d90f4
,,,,ecd39330-52fd-11e4-aaab-000b6a4d90f4
,,,,ecd40412-52fd-11e4-aaab-000b6a4d90f4
,,,,ecd474e8-52fd-11e4-aaab-000b6a4d90f4
,,,,ecd4e55d-52fd-11e4-aaab-000b6a4d90f4
,,,,ecd55821-52fd-11e4-aaab-000b6a4d90f4
,,,,ecd61af5-52fd-11e4-aaab-000b6a4d90f4
,,,,ecd6d40c-52fd-11e4-aaab-000b6a4d90f4
,,,,ecd7487f-52fd-11e4-aaab-000b6a4d90f4
,,,,ecd7ed9d-52fd-11e4-aaab-000b6a4d90f4
,,,,ecd87eda-52fd-11e4-aaab-000b6a4d90f4
,,,,ecd93c70-52fd-11e4-aaab-000b6a4d90f4
,,,,ecd9cdc9-52fd-11e4-aaab-000b6a4d90f4
,,,,ecda3f7c-52fd-11e4-aaab-000b6a4d90f4
,,,,ecdab077-52fd-11e4-aaab-000b6a4d90f4
,,,,ecdb5359-52fd-11e4-aaab-000b6a4d90f4
,,,,ecdc3b8c-52fd-11e4-aaab-000b6a4d90f4
,,,,ecdcbdf1-52fd-11e4-aaab-000b6a4d90f4
,,,,ecdd2e3f-52fd-11e4-aaab-000b6a4d90f4
,,,,ecdd9eb6-52fd-11e4-aaab-000b6a4d90f4
,,,,ecde1318-52fd-11e4-aaab-000b6a4d90f4
,,,,ecde99b4-52fd-11e4-aaab-000b6a4d90f4
,,,,ecdf0c39-52fd-11e4-aaab-000b6a4d90f4
,,,,ecdf7d0f-52fd-11e4-aaab-000b6a4d90f4
,,,,ecdfedfc-52fd-11e4-aaab-000b6a4d90f4
,,,,ece05fd6-52fd-11e4-aaab-000b6a4d90f4
,,,,ece0d162-52fd-11e4-aaab-000b6a4d90f4
,,,,ece1449f-52fd-11e4-aaab-000b6a4d90f4
,,,,ece1eb96-52fd-11e4-aaab-000b6a4d90f4
,,,,ece25e98-52fd-11e4-aaab-000b6a4d90f4
,,,,ece2cf71-52fd-11e4-aaab-000b6a4d90f4
,,,,ece39610-52fd-11e4-aaab-000b6a4d90f4
,,,,ece42081-52fd-11e4-aaab-000b6a4d90f4
,,,,ece4a885-52fd-11e4-aaab-000b6a4d90f4
,,,,ece51963-52fd-11e4-aaab-000b6a4d90f4
,,,,ece589ab-52fd-11e4-aaab-000b6a4d90f4
,,,,ece5faca-52fd-11e4-aaab-000b6a4d90f4
,,,,ece66b60-52fd-11e4-aaab-000b6a4d90f4
,,,,ece6f34b-52fd-11e4-aaab-000b6a4d90f4
,,,,ece779ea-52fd-11e4-aaab-000b6a4d90f4
,,,,ece8711c-52fd-11e4-aaab-000b6a4d90f4
,,,,ece96dd6-52fd-11e4-aaab-000b6a4d90f4
,,,,ece9df1c-52fd-11e4-aaab-000b6a4d90f4
,,,,ecea65fd-52fd-11e4-aaab-000b6a4d90f4
,,,,eceaf3f1-52fd-11e4-aaab-000b6a4d90f4
,,,,eceb7b21-52fd-11e4-aaab-000b6a4d90f4
,,,,ecebec10-52fd-11e4-aaab-000b6a4d90f4
,,,,ecec5d27-52fd-11e4-aaab-000b6a4d90f4
,,,,ececce27-52fd-11e4-aaab-000b6a4d90f4
,,,,eced3f33-52fd-11e4-aaab-000b6a4d90f4
,,,,ecedb224-52fd-11e4-aaab-000b6a4d90f4
,,,,ecee23a8-52fd-11e4-aaab-000b6a4d90f4
,,,,ecee942a-52fd-11e4-aaab-000b6a4d90f4
,,,,ecef3a85-52fd-11e4-aaab-000b6a4d90f4
,,,,ecefac43-52fd-11e4-aaab-000b6a4d90f4
,,,,ecf03158-52fd-11e4-aaab-000b6a4d90f4
,,,,ecf0a2cd-52fd-11e4-aaab-000b6a4d90f4
,,,,ecf12767-52fd-11e4-aaab-000b6a4d90f4
,,,,ecf1cd84-52fd-11e4-aaab-000b6a4d90f4
,,,,ecf2590e-52fd-11e4-aaab-000b6a4d90f4
,,,,ecf2c9b8-52fd-11e4-aaab-000b6a4d90f4
,,,,ecf35f33-52fd-11e4-aaab-000b6a4d90f4
,,,,ecf3d230-52fd-11e4-aaab-000b6a4d90f4
,,,,ecf443bc-52fd-11e4-aaab-000b6a4d90f4
,,,,ecf4b625-52fd-11e4-aaab-000b6a4d90f4
,,,,ecf526e7-52fd-11e4-aaab-000b6a4d90f4
,,,,ecf596ec-52fd-11e4-aaab-000b6a4d90f4
,,,,ecf60851-52fd-11e4-aaab-000b6a4d90f4
,,,,ecf679cc-52fd-11e4-aaab-000b6a4d90f4
,,,,ecf6ebb4-52fd-11e4-aaab-000b6a4d90f4
,,,,ecf75e8f-52fd-11e4-aaab-000b6a4d90f4
,,,,ecf7ce81-52fd-11e4-aaab-000b6a4d90f4
,,,,ecf83fff-52fd-11e4-aaab-000b6a4d90f4
,,,,ecf8b126-52fd-11e4-aaab-000b6a4d90f4
,,,,ecf9227a-52fd-11e4-aaab-000b6a4d90f4
,,,,ecf9ca6c-52fd-11e4-aaab-000b6a4d90f4
,,,,ecfa3b59-52fd-11e4-aaab-000b6a4d90f4
,,,,ecfacbdb-52fd-11e4-aaab-000b6a4d90f4
,,,,ecfb3ca9-52fd-11e4-aaab-000b6a4d90f4
,,,,ecfbae24-52fd-11e4-aaab-000b6a4d90f4
,,,,ecfc36ae-52fd-11e4-aaab-000b6a4d90f4
,,,,ecfcbd82-52fd-11e4-aaab-000b6a4d90f4
,,,,ecfd2ec8-52fd-11e4-aaab-000b6a4d90f4
,,,,ecfda0da-52fd-11e4-aaab-000b6a4d90f4
,,,,ecfec1f6-52fd-11e4-aaab-000b6a4d90f4
,,,,ed006dfa-52fd-11e4-aaab-000b6a4d90f4
,,,,ed019140-52fd-11e4-aaab-000b6a4d90f4
,,,,ed02a9fb-52fd-11e4-aaab-000b6a4d90f4
,,,,ed0361a1-52fd-11e4-aaab-000b6a4d90f4
,,,,ed041d05-52fd-11e4-aaab-000b6a4d90f4
,,,,ed04baeb-52fd-11e4-aaab-000b6a4d90f4
,,,,ed054eea-52fd-11e4-aaab-000b6a4d90f4
,,,,ed060576-52fd-11e4-aaab-000b6a4d90f4
,,,,ed06e436-52fd-11e4-aaab-000b6a4d90f4
,,,,ed07adf5-52fd-11e4-aaab-000b6a4d90f4
,,,,ed084401-52fd-11e4-aaab-000b6a4d90f4
,,,,ed08cc43-52fd-11e4-aaab-000b6a4d90f4
,,,,ed0959eb-52fd-11e4-aaab-000b6a4d90f4
,,,,ed09cb85-52fd-11e4-aaab-000b6a4d90f4
,,,,ed0a3d17-52fd-11e4-aaab-000b6a4d90f4
,,,,ed0aaea0-52fd-11e4-aaab-000b6a4d90f4
,,,,ed0b3a17-52fd-11e4-aaab-000b6a4d90f4
,,,,ed0bac7f-52fd-11e4-aaab-000b6a4d90f4
,,,,ed0c1eeb-52fd-11e4-aaab-000b6a4d90f4
,,,,ed0c90fa-52fd-11e4-aaab-000b6a4d90f4
,,,,ed0d034f-52fd-11e4-aaab-000b6a4d90f4
,,,,ed0d73da-52fd-11e4-aaab-000b6a4d90f4
,,,,ed0de593-52fd-11e4-aaab-000b6a4d90f4
,,,,ed0e5671-52fd-11e4-aaab-000b6a4d90f4
,,,,ed0ec806-52fd-11e4-aaab-000b6a4d90f4
,,,,ed0f3965-52fd-11e4-aaab-000b6a4d90f4
,,,,ed0fa919-52fd-11e4-aaab-000b6a4d90f4
,,,,ed101ad4-52fd-11e4-aaab-000b6a4d90f4
,,,,ed108c82-52fd-11e4-aaab-000b6a4d90f4
,,,,ed10fe54-52fd-11e4-aaab-000b6a4d90f4
,,,,ed116ff9-52fd-11e4-aaab-000b6a4d90f4
,,,,ed11e08f-52fd-11e4-aaab-000b6a4d90f4
,,,,ed125372-52fd-11e4-aaab-000b6a4d90f4
,,,,ed12c48c-52fd-11e4-aaab-000b6a4d90f4
,,,,ed133666-52fd-11e4-aaab-000b6a4d90f4
,,,,ed13acd3-52fd-11e4-aaab-000b6a4d90f4
,,,,ed141d60-52fd-11e4-aaab-000b6a4d90f4
,,,,ed148f4b-52fd-11e4-aaab-000b6a4d90f4
,,,,ed15017c-52fd-11e4-aaab-000b6a4d90f4
,,,,ed1573bb-52fd-11e4-aaab-000b6a4d90f4
,,,,ed15e4cc-52fd-11e4-aaab-000b6a4d90f4
,,,,ed168fb6-52fd-11e4-aaab-000b6a4d90f4
,,,,ed17016e-52fd-11e4-aaab-000b6a4d90f4
,,,,ed17d8fb-52fd-11e4-aaab-000b6a4d90f4
,,,,ed1950b4-52fd-11e4-aaab-000b6a4d90f4
,,,,ed19f815-52fd-11e4-aaab-000b6a4d90f4
,,,,ed1a7161-52fd-11e4-aaab-000b6a4d90f4
,,,,ed1ae3b0-52fd-11e4-aaab-000b6a4d90f4
,,,,ed1b8604-52fd-11e4-aaab-000b6a4d90f4
,,,,ed1bf853-52fd-11e4-aaab-000b6a4d90f4
,,,,ed1c69ce-52fd-11e4-aaab-000b6a4d90f4
,,,,ed1cda7b-52fd-11e4-aaab-000b6a4d90f4
,,,,ed1d4c66-52fd-11e4-aaab-000b6a4d90f4
,,,,ed1de398-52fd-11e4-aaab-000b6a4d90f4
,,,,ed1e8e2b-52fd-11e4-aaab-000b6a4d90f4
,,,,ed1f24c9-52fd-11e4-aaab-000b6a4d90f4
,,,,ed1f9716-52fd-11e4-aaab-000b6a4d90f4
,,,,ed200941-52fd-11e4-aaab-000b6a4d90f4
,,,,ed207b69-52fd-11e4-aaab-000b6a4d90f4
,,,,ed20ecf3-52fd-11e4-aaab-000b6a4d90f4
,,,,ed215ed5-52fd-11e4-aaab-000b6a4d90f4
,,,,ed21d042-52fd-11e4-aaab-000b6a4d90f4
,,,,ed224211-52fd-11e4-aaab-000b6a4d90f4
,,,,ed22b4b2-52fd-11e4-aaab-000b6a4d90f4
,,,,ed23251e-52fd-11e4-aaab-000b6a4d90f4
,,,,ed23aa73-52fd-11e4-aaab-000b6a4d90f4
,,,,ed241c3f-52fd-11e4-aaab-000b6a4d90f4
,,,,ed248de7-52fd-11e4-aaab-000b6a4d90f4
,,,,ed250143-52fd-11e4-aaab-000b6a4d90f4
,,,,ed257280-52fd-11e4-aaab-000b6a4d90f4
,,,,ed25e463-52fd-11e4-aaab-000b6a4d90f4
,,,,ed2656c6-52fd-11e4-aaab-000b6a4d90f4
,,,,ed26dd9c-52fd-11e4-aaab-000b6a4d90f4
,,,,ed274fde-52fd-11e4-aaab-000b6a4d90f4
,,,,ed27c53c-52fd-11e4-aaab-000b6a4d90f4
,,,,ed2836ff-52fd-11e4-aaab-000b6a4d90f4
,,,,ed28a97e-52fd-11e4-aaab-000b6a4d90f4
,,,,ed291b50-52fd-11e4-aaab-000b6a4d90f4
,,,,ed299e47-52fd-11e4-aaab-000b6a4d90f4
,,,,ed2a1059-52fd-11e4-aaab-000b6a4d90f4
,,,,ed2a82b3-52fd-11e4-aaab-000b6a4d90f4
,,,,ed2af6ac-52fd-11e4-aaab-000b6a4d90f4
,,,,ed2b68ce-52fd-11e4-aaab-000b6a4d90f4
,,,,ed2bda66-52fd-11e4-aaab-000b6a4d90f4
,,,,ed2c4c16-52fd-11e4-aaab-000b6a4d90f4
,,,,ed2cc05f-52fd-11e4-aaab-000b6a4d90f4
,,,,ed2d3266-52fd-11e4-aaab-000b6a4d90f4
,,,,ed2da42f-52fd-11e4-aaab-000b6a4d90f4
,,,,ed2e1612-52fd-11e4-aaab-000b6a4d90f4
,,,,ed2f085a-52fd-11e4-aaab-000b6a4d90f4
,,,,ed2f79e6-52fd-11e4-aaab-000b6a4d90f4
,,,,ed3006e4-52fd-11e4-aaab-000b6a4d90f4
,,,,ed307865-52fd-11e4-aaab-000b6a4d90f4
,,,,ed315125-52fd-11e4-aaab-000b6a4d90f4
,,,,ed321d12-52fd-11e4-aaab-000b6a4d90f4
,,,,ed328e4a-52fd-11e4-aaab-000b6a4d90f4
,,,,ed332d5d-52fd-11e4-aaab-000b6a4d90f4
,,,,ed339f69-52fd-11e4-aaab-000b6a4d90f4
,,,,ed342416-52fd-11e4-aaab-000b6a4d90f4
,,,,ed34959d-52fd-11e4-aaab-000b6a4d90f4
,,,,ed35329d-52fd-11e4-aaab-000b6a4d90f4
,,,,ed362f57-52fd-11e4-aaab-000b6a4d90f4
,,,,ed36a121-52fd-11e4-aaab-000b6a4d90f4
,,,,ed371beb-52fd-11e4-aaab-000b6a4d90f4
,,,,ed378dfa-52fd-11e4-aaab-000b6a4d90f4
,,,,ed380004-52fd-11e4-aaab-000b6a4d90f4
,,,,ed38726f-52fd-11e4-aaab-000b6a4d90f4
,,,,ed38f959-52fd-11e4-aaab-000b6a4d90f4
,,,,ed3976c4-52fd-11e4-aaab-000b6a4d90f4
,,,,ed39e91f-52fd-11e4-aaab-000b6a4d90f4
,,,,ed3a5a76-52fd-11e4-aaab-000b6a4d90f4
,,,,ed3acd81-52fd-11e4-aaab-000b6a4d90f4
,,,,ed3b3d77-52fd-11e4-aaab-000b6a4d90f4
,,,,ed3baf49-52fd-11e4-aaab-000b6a4d90f4
,,,,ed3c2177-52fd-11e4-aaab-000b6a4d90f4
,,,,ed3c93d2-52fd-11e4-aaab-000b6a4d90f4
,,,,ed3d0672-52fd-11e4-aaab-000b6a4d90f4
,,,,ed3dac49-52fd-11e4-aaab-000b6a4d90f4
,,,,ed3e1eba-52fd-11e4-aaab-000b6a4d90f4
,,,,ed3ea7d6-52fd-11e4-aaab-000b6a4d90f4
,,,,ed3f1981-52fd-11e4-aaab-000b6a4d90f4
,,,,ed3f8a9a-52fd-11e4-aaab-000b6a4d90f4
,,,,ed3ffca1-52fd-11e4-aaab-000b6a4d90f4
,,,,ed406eb8-52fd-11e4-aaab-000b6a4d90f4
,,,,ed40f72c-52fd-11e4-aaab-000b6a4d90f4
,,,,ed4168bb-52fd-11e4-aaab-000b6a4d90f4
,,,,ed41d9a5-52fd-11e4-aaab-000b6a4d90f4
,,,,ed42ba89-52fd-11e4-aaab-000b6a4d90f4
,,,,ed435913-52fd-11e4-aaab-000b6a4d90f4
,,,,ed43ca50-52fd-11e4-aaab-000b6a4d90f4
,,,,ed44877c-52fd-11e4-aaab-000b6a4d90f4
,,,,ed44fa81-52fd-11e4-aaab-000b6a4d90f4
,,,,ed46305c-52fd-11e4-aaab-000b6a4d90f4
,,,,ed46a720-52fd-11e4-aaab-000b6a4d90f4
,,,,ed471924-52fd-11e4-aaab-000b6a4d90f4
,,,,ed478c74-52fd-11e4-aaab-000b6a4d90f4
,,,,ed47fd3a-52fd-11e4-aaab-000b6a4d90f4
,,,,ed486d98-52fd-11e4-aaab-000b6a4d90f4
,,,,ed48de7c-52fd-11e4-aaab-000b6a4d90f4
,,,,ed495128-52fd-11e4-aaab-000b6a4d90f4
,,,,ed49c271-52fd-11e4-aaab-000b6a4d90f4
,,,,ed4a329d-52fd-11e4-aaab-000b6a4d90f4
,,,,ed4aa2b2-52fd-11e4-aaab-000b6a4d90f4
,,,,ed4b6401-52fd-11e4-aaab-000b6a4d90f4
,,,,ed4bd624-52fd-11e4-aaab-000b6a4d90f4
,,,,ed4c477b-52fd-11e4-aaab-000b6a4d90f4
,,,,ed4cb734-52fd-11e4-aaab-000b6a4d90f4
,,,,ed4d287a-52fd-11e4-aaab-000b6a4d90f4
,,,,ed4d998e-52fd-11e4-aaab-000b6a4d90f4
,,,,ed4e0a21-52fd-11e4-aaab-000b6a4d90f4
,,,,ed4e7a9c-52fd-11e4-aaab-000b6a4d90f4
,,,,ed4eea87-52fd-11e4-aaab-000b6a4d90f4
,,,,ed4f5bf7-52fd-11e4-aaab-000b6a4d90f4
,,,,ed4fcec7-52fd-11e4-aaab-000b6a4d90f4
,,,,ed503ffd-52fd-11e4-aaab-000b6a4d90f4
,,,,ed50b0d0-52fd-11e4-aaab-000b6a4d90f4
,,,,ed512009-52fd-11e4-aaab-000b6a4d90f4
,,,,ed519198-52fd-11e4-aaab-000b6a4d90f4
,,,,ed5227c1-52fd-11e4-aaab-000b6a4d90f4
,,,,ed52987b-52fd-11e4-aaab-000b6a4d90f4
,,,,ed530935-52fd-11e4-aaab-000b6a4d90f4
,,,,ed5379f0-52fd-11e4-aaab-000b6a4d90f4
,,,,ed53ebdb-52fd-11e4-aaab-000b6a4d90f4
,,,,ed545c63-52fd-11e4-aaab-000b6a4d90f4
,,,,ed550b38-52fd-11e4-aaab-000b6a4d90f4
,,,,ed557b8b-52fd-11e4-aaab-000b6a4d90f4
,,,,ed55efe8-52fd-11e4-aaab-000b6a4d90f4
,,,,ed566168-52fd-11e4-aaab-000b6a4d90f4
,,,,ed56d1e5-52fd-11e4-aaab-000b6a4d90f4
,,,,ed574265-52fd-11e4-aaab-000b6a4d90f4
,,,,ed57b280-52fd-11e4-aaab-000b6a4d90f4
,,,,ed582452-52fd-11e4-aaab-000b6a4d90f4
,,,,ed5895b7-52fd-11e4-aaab-000b6a4d90f4
,,,,ed5906e7-52fd-11e4-aaab-000b6a4d90f4
,,,,ed59ebd9-52fd-11e4-aaab-000b6a4d90f4
,,,,ed5ac1d6-52fd-11e4-aaab-000b6a4d90f4
,,,,ed5b37e7-52fd-11e4-aaab-000b6a4d90f4
,,,,ed5baa9e-52fd-11e4-aaab-000b6a4d90f4
,,,,ed5c6c03-52fd-11e4-aaab-000b6a4d90f4
,,,,ed5cefec-52fd-11e4-aaab-000b6a4d90f4
,,,,ed5daab4-52fd-11e4-aaab-000b6a4d90f4
,,,,ed5e1af7-52fd-11e4-aaab-000b6a4d90f4
,,,,ed5e8ba0-52fd-11e4-aaab-000b6a4d90f4
,,,,ed5f0fec-52fd-11e4-aaab-000b6a4d90f4
,,,,ed5fc8a4-52fd-11e4-aaab-000b6a4d90f4
,,,,ed603bbd-52fd-11e4-aaab-000b6a4d90f4
,,,,ed60ad86-52fd-11e4-aaab-000b6a4d90f4
,,,,ed615b70-52fd-11e4-aaab-000b6a4d90f4
,,,,ed626c5b-52fd-11e4-aaab-000b6a4d90f4
,,,,ed6315b0-52fd-11e4-aaab-000b6a4d90f4
,,,,ed6386dd-52fd-11e4-aaab-000b6a4d90f4
,,,,ed63f893-52fd-11e4-aaab-000b6a4d90f4
,,,,ed6468a0-52fd-11e4-aaab-000b6a4d90f4
,,,,ed652f1e-52fd-11e4-aaab-000b6a4d90f4
,,,,ed65c036-52fd-11e4-aaab-000b6a4d90f4
,,,,ed663163-52fd-11e4-aaab-000b6a4d90f4
,,,,ed66d339-52fd-11e4-aaab-000b6a4d90f4
,,,,ed678800-52fd-11e4-aaab-000b6a4d90f4
,,,,ed684718-52fd-11e4-aaab-000b6a4d90f4
,,,,ed68b917-52fd-11e4-aaab-000b6a4d90f4
,,,,ed6944ea-52fd-11e4-aaab-000b6a4d90f4
,,,,ed6a172e-52fd-11e4-aaab-000b6a4d90f4
,,,,ed6acdb1-52fd-11e4-aaab-000b6a4d90f4
,,,,ed6b5620-52fd-11e4-aaab-000b6a4d90f4
,,,,ed6be3b5-52fd-11e4-aaab-000b6a4d90f4
,,,,ed6c8739-52fd-11e4-aaab-000b6a4d90f4
,,,,ed6cf881-52fd-11e4-aaab-000b6a4d90f4
,,,,ed6d9dd0-52fd-11e4-aaab-000b6a4d90f4
,,,,ed6e36d2-52fd-11e4-aaab-000b6a4d90f4
,,,,ed6ec17a-52fd-11e4-aaab-000b6a4d90f4
,,,,ed6f3288-52fd-11e4-aaab-000b6a4d90f4
,,,,ed6fb791-52fd-11e4-aaab-000b6a4d90f4
,,,,ed704943-52fd-11e4-aaab-000b6a4d90f4
,,,,ed70e7d3-52fd-11e4-aaab-000b6a4d90f4
,,,,ed717ed3-52fd-11e4-aaab-000b6a4d90f4
,,,,ed720cad-52fd-11e4-aaab-000b6a4d90f4
,,,,ed729341-52fd-11e4-aaab-000b6a4d90f4
,,,,ed7304d0-52fd-11e4-aaab-000b6a4d90f4
,,,,ed738e0a-52fd-11e4-aaab-000b6a4d90f4
,,,,ed744211-52fd-11e4-aaab-000b6a4d90f4
,,,,ed74b357-52fd-11e4-aaab-000b6a4d90f4
,,,,ed7524a5-52fd-11e4-aaab-000b6a4d90f4
,,,,ed759506-52fd-11e4-aaab-000b6a4d90f4
,,,,ed760482-52fd-11e4-aaab-000b6a4d90f4
,,,,ed7675bd-52fd-11e4-aaab-000b6a4d90f4
,,,,ed76e6f0-52fd-11e4-aaab-000b6a4d90f4
,,,,ed775809-52fd-11e4-aaab-000b6a4d90f4
,,,,ed77ded4-52fd-11e4-aaab-000b6a4d90f4
,,,,ed784db4-52fd-11e4-aaab-000b6a4d90f4
,,,,ed78beb1-52fd-11e4-aaab-000b6a4d90f4
,,,,ed792fd6-52fd-11e4-aaab-000b6a4d90f4
,,,,ed79b7d4-52fd-11e4-aaab-000b6a4d90f4
,,,,ed7a2a75-52fd-11e4-aaab-000b6a4d90f4
,,,,ed7a9a23-52fd-11e4-aaab-000b6a4d90f4
,,,,ed7b0b55-52fd-11e4-aaab-000b6a4d90f4
,,,,ed7b803e-52fd-11e4-aaab-000b6a4d90f4
,,,,ed7bf1b1-52fd-11e4-aaab-000b6a4d90f4
,,,,ed7c6318-52fd-11e4-aaab-000b6a4d90f4
,,,,ed7d4125-52fd-11e4-aaab-000b6a4d90f4
,,,,ed7e2e10-52fd-11e4-aaab-000b6a4d90f4
,,,,ed7e9f90-52fd-11e4-aaab-000b6a4d90f4
,,,,ed7f28e9-52fd-11e4-aaab-000b6a4d90f4
,,,,ed7f9b65-52fd-11e4-aaab-000b6a4d90f4
,,,,ed805be5-52fd-11e4-aaab-000b6a4d90f4
,,,,ed80e0c8-52fd-11e4-aaab-000b6a4d90f4
,,,,ed815203-52fd-11e4-aaab-000b6a4d90f4
,,,,ed81e2f1-52fd-11e4-aaab-000b6a4d90f4
,,,,ed8266b1-52fd-11e4-aaab-000b6a4d90f4
,,,,ed82ecfe-52fd-11e4-aaab-000b6a4d90f4
,,,,ed836280-52fd-11e4-aaab-000b6a4d90f4
,,,,ed83e9fc-52fd-11e4-aaab-000b6a4d90f4
,,,,ed845bbd-52fd-11e4-aaab-000b6a4d90f4
,,,,ed84ccc2-52fd-11e4-aaab-000b6a4d90f4
,,,,ed85823d-52fd-11e4-aaab-000b6a4d90f4
,,,,ed85f457-52fd-11e4-aaab-000b6a4d90f4
,,,,ed868a75-52fd-11e4-aaab-000b6a4d90f4
,,,,ed874101-52fd-11e4-aaab-000b6a4d90f4
,,,,ed87c6e4-52fd-11e4-aaab-000b6a4d90f4
,,,,ed8864eb-52fd-11e4-aaab-000b6a4d90f4
,,,,ed88f97f-52fd-11e4-aaab-000b6a4d90f4
,,,,ed896b02-52fd-11e4-aaab-000b6a4d90f4
,,,,ed89dc10-52fd-11e4-aaab-000b6a4d90f4
,,,,ed8a8d1f-52fd-11e4-aaab-000b6a4d90f4
,,,,ed8b6059-52fd-11e4-aaab-000b6a4d90f4
,,,,ed8c0671-52fd-11e4-aaab-000b6a4d90f4
,,,,ed8cae63-52fd-11e4-aaab-000b6a4d90f4
,,,,ed8d335e-52fd-11e4-aaab-000b6a4d90f4
,,,,ed8dcb49-52fd-11e4-aaab-000b6a4d90f4
,,,,ed8e51e2-52fd-11e4-aaab-000b6a4d90f4
,,,,ed8ec37e-52fd-11e4-aaab-000b6a4d90f4
,,,,ed8f3556-52fd-11e4-aaab-000b6a4d90f4
,,,,ed8fa741-52fd-11e4-aaab-000b6a4d90f4
,,,,ed90181f-52fd-11e4-aaab-000b6a4d90f4
,,,,ed909e73-52fd-11e4-aaab-000b6a4d90f4
,,,,ed91105b-52fd-11e4-aaab-000b6a4d90f4
,,,,ed91815b-52fd-11e4-aaab-000b6a4d90f4
,,,,ed923982-52fd-11e4-aaab-000b6a4d90f4
,,,,ed92ca7b-52fd-11e4-aaab-000b6a4d90f4
,,,,ed933ce1-52fd-11e4-aaab-000b6a4d90f4
,,,,ed93db0c-52fd-11e4-aaab-000b6a4d90f4
,,,,ed945f9e-52fd-11e4-aaab-000b6a4d90f4
,,,,ed94e3f4-52fd-11e4-aaab-000b6a4d90f4
,,,,ed956bc3-52fd-11e4-aaab-000b6a4d90f4
,,,,ed95dc89-52fd-11e4-aaab-000b6a4d90f4
,,,,ed9663f1-52fd-11e4-aaab-000b6a4d90f4
,,,,ed96d69f-52fd-11e4-aaab-000b6a4d90f4
,,,,ed97482b-52fd-11e4-aaab-000b6a4d90f4
,,,,ed97ba59-52fd-11e4-aaab-000b6a4d90f4
,,,,ed983df4-52fd-11e4-aaab-000b6a4d90f4
,,,,ed98b123-52fd-11e4-aaab-000b6a4d90f4
,,,,ed993649-52fd-11e4-aaab-000b6a4d90f4
,,,,ed99c69e-52fd-11e4-aaab-000b6a4d90f4
,,,,ed9a37f2-52fd-11e4-aaab-000b6a4d90f4
,,,,ed9abef7-52fd-11e4-aaab-000b6a4d90f4
,,,,ed9b4412-52fd-11e4-aaab-000b6a4d90f4
,,,,ed9bbbaf-52fd-11e4-aaab-000b6a4d90f4
,,,,ed9ce187-52fd-11e4-aaab-000b6a4d90f4
,,,,ed9e5de4-52fd-11e4-aaab-000b6a4d90f4
,,,,ed9efe36-52fd-11e4-aaab-000b6a4d90f4
,,,,ed9f83f5-52fd-11e4-aaab-000b6a4d90f4
,,,,ed9ff5dd-52fd-11e4-aaab-000b6a4d90f4
,,,,eda06790-52fd-11e4-aaab-000b6a4d90f4
,,,,eda0d908-52fd-11e4-aaab-000b6a4d90f4
,,,,eda14ac9-52fd-11e4-aaab-000b6a4d90f4
,,,,eda1f265-52fd-11e4-aaab-000b6a4d90f4
,,,,eda27eb6-52fd-11e4-aaab-000b6a4d90f4
,,,,eda2f0db-52fd-11e4-aaab-000b6a4d90f4
,,,,eda3622d-52fd-11e4-aaab-000b6a4d90f4
,,,,eda3d253-52fd-11e4-aaab-000b6a4d90f4
,,,,eda464f8-52fd-11e4-aaab-000b6a4d90f4
,,,,eda4d862-52fd-11e4-aaab-000b6a4d90f4
,,,,eda54906-52fd-11e4-aaab-000b6a4d90f4
,,,,eda5bb01-52fd-11e4-aaab-000b6a4d90f4
,,,,eda62b81-52fd-11e4-aaab-000b6a4d90f4
,,,,eda69d4b-52fd-11e4-aaab-000b6a4d90f4
,,,,eda70ef0-52fd-11e4-aaab-000b6a4d90f4
,,,,eda7958b-52fd-11e4-aaab-000b6a4d90f4
,,,,eda8060e-52fd-11e4-aaab-000b6a4d90f4
,,,,eda87743-52fd-11e4-aaab-000b6a4d90f4
,,,,eda8feb0-52fd-11e4-aaab-000b6a4d90f4
,,,,eda97090-52fd-11e4-aaab-000b6a4d90f4
,,,,eda9e1f2-52fd-11e4-aaab-000b6a4d90f4
,,,,edaa513f-52fd-11e4-aaab-000b6a4d90f4
,,,,edaad19a-52fd-11e4-aaab-000b6a4d90f4
,,,,edab4589-52fd-11e4-aaab-000b6a4d90f4
,,,,edabb731-52fd-11e4-aaab-000b6a4d90f4
,,,,edac27de-52fd-11e4-aaab-000b6a4d90f4
,,,,edac991b-52fd-11e4-aaab-000b6a4d90f4
,,,,edad0a1c-52fd-11e4-aaab-000b6a4d90f4
,,,,edad7beb-52fd-11e4-aaab-000b6a4d90f4
,,,,edadedd6-52fd-11e4-aaab-000b6a4d90f4
,,,,edae5e6e-52fd-11e4-aaab-000b6a4d90f4
,,,,edaecf96-52fd-11e4-aaab-000b6a4d90f4
,,,,edaf40f5-52fd-11e4-aaab-000b6a4d90f4
,,,,edafb31b-52fd-11e4-aaab-000b6a4d90f4
,,,,edb026e6-52fd-11e4-aaab-000b6a4d90f4
,,,,edb0bc2a-52fd-11e4-aaab-000b6a4d90f4
,,,,edb19a8b-52fd-11e4-aaab-000b6a4d90f4
,,,,edb2517e-52fd-11e4-aaab-000b6a4d90f4
,,,,edb2c634-52fd-11e4-aaab-000b6a4d90f4
,,,,edb33597-52fd-11e4-aaab-000b6a4d90f4
,,,,edb3a62d-52fd-11e4-aaab-000b6a4d90f4
,,,,edb41662-52fd-11e4-aaab-000b6a4d90f4
,,,,edb499e1-52fd-11e4-aaab-000b6a4d90f4
,,,,edb52353-52fd-11e4-aaab-000b6a4d90f4
,,,,edb5935e-52fd-11e4-aaab-000b6a4d90f4
,,,,edb60370-52fd-11e4-aaab-000b6a4d90f4
,,,,edb673f0-52fd-11e4-aaab-000b6a4d90f4
,,,,edb6e478-52fd-11e4-aaab-000b6a4d90f4
,,,,edb787d5-52fd-11e4-aaab-000b6a4d90f4
,,,,edb81227-52fd-11e4-aaab-000b6a4d90f4
,,,,edb88247-52fd-11e4-aaab-000b6a4d90f4
,,,,edb9122d-52fd-11e4-aaab-000b6a4d90f4
,,,,edb98391-52fd-11e4-aaab-000b6a4d90f4
,,,,edb9f3e7-52fd-11e4-aaab-000b6a4d90f4
,,,,edba64ea-52fd-11e4-aaab-000b6a4d90f4
,,,,edbad5ad-52fd-11e4-aaab-000b6a4d90f4
,,,,edbb45e1-52fd-11e4-aaab-000b6a4d90f4
,,,,edbbb571-52fd-11e4-aaab-000b6a4d90f4
,,,,edbc2568-52fd-11e4-aaab-000b6a4d90f4
,,,,edbc9657-52fd-11e4-aaab-000b6a4d90f4
,,,,edbd06c1-52fd-11e4-aaab-000b6a4d90f4
,,,,edbd898b-52fd-11e4-aaab-000b6a4d90f4
,,,,edbdf9f7-52fd-11e4-aaab-000b6a4d90f4
,,,,edbe6a5b-52fd-11e4-aaab-000b6a4d90f4
,,,,edbedae3-52fd-11e4-aaab-000b6a4d90f4
,,,,edbf60ad-52fd-11e4-aaab-000b6a4d90f4
,,,,edbfd1a5-52fd-11e4-aaab-000b6a4d90f4
,,,,edc041dc-52fd-11e4-aaab-000b6a4d90f4
,,,,edc0b6a3-52fd-11e4-aaab-000b6a4d90f4
,,,,edc1261f-52fd-11e4-aaab-000b6a4d90f4
,,,,edc1968e-52fd-11e4-aaab-000b6a4d90f4
,,,,edc20796-52fd-11e4-aaab-000b6a4d90f4
,,,,edc28c2d-52fd-11e4-aaab-000b6a4d90f4
,,,,edc2fd2d-52fd-11e4-aaab-000b6a4d90f4
,,,,edc36d9f-52fd-11e4-aaab-000b6a4d90f4
,,,,edc3e027-52fd-11e4-aaab-000b6a4d90f4
,,,,edc4511c-52fd-11e4-aaab-000b6a4d90f4
,,,,edc4c04f-52fd-11e4-aaab-000b6a4d90f4
,,,,edc53067-52fd-11e4-aaab-000b6a4d90f4
,,,,edc5a1ab-52fd-11e4-aaab-000b6a4d90f4
,,,,edc61230-52fd-11e4-aaab-000b6a4d90f4
,,,,edc68246-52fd-11e4-aaab-000b6a4d90f4
,,,,edc6f210-52fd-11e4-aaab-000b6a4d90f4
,,,,edc7626e-52fd-11e4-aaab-000b6a4d90f4
,,,,edc7d61d-52fd-11e4-aaab-000b6a4d90f4
,,,,edc84673-52fd-11e4-aaab-000b6a4d90f4
,,,,edc8b5e1-52fd-11e4-aaab-000b6a4d90f4
,,,,edc92919-52fd-11e4-aaab-000b6a4d90f4
,,,,edc999f7-52fd-11e4-aaab-000b6a4d90f4
,,,,edca0bf9-52fd-11e4-aaab-000b6a4d90f4
,,,,edca7c78-52fd-11e4-aaab-000b6a4d90f4
,,,,edcaf800-52fd-11e4-aaab-000b6a4d90f4
,,,,edcb6930-52fd-11e4-aaab-000b6a4d90f4
,,,,edcbf28f-52fd-11e4-aaab-000b6a4d90f4
,,,,edcc63fc-52fd-11e4-aaab-000b6a4d90f4
,,,,edccd3e5-52fd-11e4-aaab-000b6a4d90f4
,,,,edcd5c0a-52fd-11e4-aaab-000b6a4d90f4
,,,,edcdf852-52fd-11e4-aaab-000b6a4d90f4
,,,,edce7e11-52fd-11e4-aaab-000b6a4d90f4
,,,,edceee70-52fd-11e4-aaab-000b6a4d90f4
,,,,edcf5db9-52fd-11e4-aaab-000b6a4d90f4
,,,,edcfcda8-52fd-11e4-aaab-000b6a4d90f4
,,,,edd041dd-52fd-11e4-aaab-000b6a4d90f4
,,,,edd0b302-52fd-11e4-aaab-000b6a4d90f4
,,,,edd123b4-52fd-11e4-aaab-000b6a4d90f4
,,,,edd19338-52fd-11e4-aaab-000b6a4d90f4
,,,,edd20305-52fd-11e4-aaab-000b6a4d90f4
,,,,edd29b22-52fd-11e4-aaab-000b6a4d90f4
,,,,edd30bb0-52fd-11e4-aaab-000b6a4d90f4
,,,,edd37d41-52fd-11e4-aaab-000b6a4d90f4
,,,,edd3ec3f-52fd-11e4-aaab-000b6a4d90f4
,,,,edd45cd0-52fd-11e4-aaab-000b6a4d90f4
,,,,edd4cdb7-52fd-11e4-aaab-000b6a4d90f4
,,,,edd53e77-52fd-11e4-aaab-000b6a4d90f4
,,,,edd5aef7-52fd-11e4-aaab-000b6a4d90f4
,,,,edd62029-52fd-11e4-aaab-000b6a4d90f4
,,,,edd690ec-52fd-11e4-aaab-000b6a4d90f4
,,,,edd70129-52fd-11e4-aaab-000b6a4d90f4
,,,,edd771d2-52fd-11e4-aaab-000b6a4d90f4
,,,,edd7f0e6-52fd-11e4-aaab-000b6a4d90f4
,,,,edd8607c-52fd-11e4-aaab-000b6a4d90f4
,,,,edd8d15a-52fd-11e4-aaab-000b6a4d90f4
,,,,edd942d5-52fd-11e4-aaab-000b6a4d90f4
,,,,edd9b3a1-52fd-11e4-aaab-000b6a4d90f4
,,,,edda2474-52fd-11e4-aaab-000b6a4d90f4
,,,,edda92e4-52fd-11e4-aaab-000b6a4d90f4
,,,,eddb0390-52fd-11e4-aaab-000b6a4d90f4
,,,,eddb74c3-52fd-11e4-aaab-000b6a4d90f4
,,,,eddbe4fd-52fd-11e4-aaab-000b6a4d90f4
,,,,eddc55fd-52fd-11e4-aaab-000b6a4d90f4
,,,,eddcc598-52fd-11e4-aaab-000b6a4d90f4
,,,,eddd364d-52fd-11e4-aaab-000b6a4d90f4
,,,,eddda798-52fd-11e4-aaab-000b6a4d90f4
,,,,edde2e31-52fd-11e4-aaab-000b6a4d90f4
,,,,eddea26c-52fd-11e4-aaab-000b6a4d90f4
,,,,eddf12b4-52fd-11e4-aaab-000b6a4d90f4
,,,,eddf8656-52fd-11e4-aaab-000b6a4d90f4
,,,,eddff76c-52fd-11e4-aaab-000b6a4d90f4
,,,,ede067ba-52fd-11e4-aaab-000b6a4d90f4
,,,,ede0d888-52fd-11e4-aaab-000b6a4d90f4
,,,,ede14913-52fd-11e4-aaab-000b6a4d90f4
,,,,ede1b8f3-52fd-11e4-aaab-000b6a4d90f4
,,,,ede22a0a-52fd-11e4-aaab-000b6a4d90f4
,,,,ede29c00-52fd-11e4-aaab-000b6a4d90f4
,,,,ede31ff2-52fd-11e4-aaab-000b6a4d90f4
,,,,ede39119-52fd-11e4-aaab-000b6a4d90f4
,,,,ede4019f-52fd-11e4-aaab-000b6a4d90f4
,,,,ede4731d-52fd-11e4-aaab-000b6a4d90f4
,,,,ede4e394-52fd-11e4-aaab-000b6a4d90f4
,,,,ede552ec-52fd-11e4-aaab-000b6a4d90f4
,,,,ede5c44e-52fd-11e4-aaab-000b6a4d90f4
,,,,ede64962-52fd-11e4-aaab-000b6a4d90f4
,,,,ede6d64a-52fd-11e4-aaab-000b6a4d90f4
,,,,ede75473-52fd-11e4-aaab-000b6a4d90f4
,,,,ede7c454-52fd-11e4-aaab-000b6a4d90f4
,,,,ede835c9-52fd-11e4-aaab-000b6a4d90f4
,,,,ede8a7a9-52fd-11e4-aaab-000b6a4d90f4
,,,,ede91914-52fd-11e4-aaab-000b6a4d90f4
,,,,ede9a02a-52fd-11e4-aaab-000b6a4d90f4
,,,,edea10d4-52fd-11e4-aaab-000b6a4d90f4
,,,,edea81bb-52fd-11e4-aaab-000b6a4d90f4
,,,,edeaf214-52fd-11e4-aaab-000b6a4d90f4
,,,,edeb62ed-52fd-11e4-aaab-000b6a4d90f4
,,,,edebd255-52fd-11e4-aaab-000b6a4d90f4
,,,,edec43bd-52fd-11e4-aaab-000b6a4d90f4
,,,,edecb482-52fd-11e4-aaab-000b6a4d90f4
,,,,eded258b-52fd-11e4-aaab-000b6a4d90f4
,,,,eded95b7-52fd-11e4-aaab-000b6a4d90f4
,,,,edee05e0-52fd-11e4-aaab-000b6a4d90f4
,,,,edee79e3-52fd-11e4-aaab-000b6a4d90f4
,,,,edeeea79-52fd-11e4-aaab-000b6a4d90f4
,,,,edef5b47-52fd-11e4-aaab-000b6a4d90f4
,,,,edefcb71-52fd-11e4-aaab-000b6a4d90f4
,,,,edf03b46-52fd-11e4-aaab-000b6a4d90f4
,,,,edf0abaa-52fd-11e4-aaab-000b6a4d90f4
,,,,edf11cdc-52fd-11e4-aaab-000b6a4d90f4
,,,,edf1a899-52fd-11e4-aaab-000b6a4d90f4
,,,,edf2191e-52fd-11e4-aaab-000b6a4d90f4
,,,,edf2885a-52fd-11e4-aaab-000b6a4d90f4
,,,,edf30bb5-52fd-11e4-aaab-000b6a4d90f4
,,,,edf37ced-52fd-11e4-aaab-000b6a4d90f4
,,,,edf3ee2b-52fd-11e4-aaab-000b6a4d90f4
,,,,edf45de7-52fd-11e4-aaab-000b6a4d90f4
,,,,edf4e83c-52fd-11e4-aaab-000b6a4d90f4
,,,,edf55d24-52fd-11e4-aaab-000b6a4d90f4
,,,,edf5e3a1-52fd-11e4-aaab-000b6a4d90f4
,,,,edf65450-52fd-11e4-aaab-000b6a4d90f4
,,,,edf6ded9-52fd-11e4-aaab-000b6a4d90f4
,,,,edf765b5-52fd-11e4-aaab-000b6a4d90f4
,,,,edf7d60e-52fd-11e4-aaab-000b6a4d90f4
,,,,edf8700b-52fd-11e4-aaab-000b6a4d90f4
,,,,edf8df58-52fd-11e4-aaab-000b6a4d90f4
,,,,edf9c490-52fd-11e4-aaab-000b6a4d90f4
,,,,edfa37e4-52fd-11e4-aaab-000b6a4d90f4
,,,,edfaaa98-52fd-11e4-aaab-000b6a4d90f4
,,,,edfb1993-52fd-11e4-aaab-000b6a4d90f4
,,,,edfb8b4c-52fd-11e4-aaab-000b6a4d90f4
,,,,edfbfb94-52fd-11e4-aaab-000b6a4d90f4
,,,,edfc6c2f-52fd-11e4-aaab-000b6a4d90f4
,,,,edfcdd11-52fd-11e4-aaab-000b6a4d90f4
,,,,edfd4cba-52fd-11e4-aaab-000b6a4d90f4
,,,,edfdc24a-52fd-11e4-aaab-000b6a4d90f4
,,,,edfe32f6-52fd-11e4-aaab-000b6a4d90f4
,,,,edfea418-52fd-11e4-aaab-000b6a4d90f4
,,,,edff1534-52fd-11e4-aaab-000b6a4d90f4
,,,,edff842a-52fd-11e4-aaab-000b6a4d90f4
,,,,edfff56d-52fd-11e4-aaab-000b6a4d90f4
,,,,ee006651-52fd-11e4-aaab-000b6a4d90f4
,,,,ee00f78b-52fd-11e4-aaab-000b6a4d90f4
,,,,ee017cd8-52fd-11e4-aaab-000b6a4d90f4
,,,,ee01ed7f-52fd-11e4-aaab-000b6a4d90f4
,,,,ee0288ef-52fd-11e4-aaab-000b6a4d90f4
,,,,ee02f9c0-52fd-11e4-aaab-000b6a4d90f4
,,,,ee03998c-52fd-11e4-aaab-000b6a4d90f4
,,,,ee040a27-52fd-11e4-aaab-000b6a4d90f4
,,,,ee047ad1-52fd-11e4-aaab-000b6a4d90f4
,,,,ee04ec36-52fd-11e4-aaab-000b6a4d90f4
,,,,ee055c94-52fd-11e4-aaab-000b6a4d90f4
,,,,ee05cd4e-52fd-11e4-aaab-000b6a4d90f4
,,,,ee067225-52fd-11e4-aaab-000b6a4d90f4
,,,,ee06e4f7-52fd-11e4-aaab-000b6a4d90f4
,,,,ee075574-52fd-11e4-aaab-000b6a4d90f4
,,,,ee07c598-52fd-11e4-aaab-000b6a4d90f4
,,,,ee083554-52fd-11e4-aaab-000b6a4d90f4
,,,,ee08a5f0-52fd-11e4-aaab-000b6a4d90f4
,,,,ee091635-52fd-11e4-aaab-000b6a4d90f4
,,,,ee0986a4-52fd-11e4-aaab-000b6a4d90f4
,,,,ee0a29e2-52fd-11e4-aaab-000b6a4d90f4
,,,,ee0a9ab6-52fd-11e4-aaab-000b6a4d90f4
,,,,ee0b1fff-52fd-11e4-aaab-000b6a4d90f4
,,,,ee0bb05c-52fd-11e4-aaab-000b6a4d90f4
,,,,ee0c33a7-52fd-11e4-aaab-000b6a4d90f4
,,,,ee0ca402-52fd-11e4-aaab-000b6a4d90f4
,,,,ee0d49d7-52fd-11e4-aaab-000b6a4d90f4
,,,,ee0dbe82-52fd-11e4-aaab-000b6a4d90f4
,,,,ee0e4d36-52fd-11e4-aaab-000b6a4d90f4
,,,,ee0ebdc4-52fd-11e4-aaab-000b6a4d90f4
,,,,ee0f2e73-52fd-11e4-aaab-000b6a4d90f4
,,,,ee0f9f6e-52fd-11e4-aaab-000b6a4d90f4
,,,,ee1011bd-52fd-11e4-aaab-000b6a4d90f4
,,,,ee1081f2-52fd-11e4-aaab-000b6a4d90f4
,,,,ee110c11-52fd-11e4-aaab-000b6a4d90f4
,,,,ee117d73-52fd-11e4-aaab-000b6a4d90f4
,,,,ee120f0f-52fd-11e4-aaab-000b6a4d90f4
,,,,ee128079-52fd-11e4-aaab-000b6a4d90f4
,,,,ee12f078-52fd-11e4-aaab-000b6a4d90f4
,,,,ee1362ba-52fd-11e4-aaab-000b6a4d90f4
,,,,ee13d393-52fd-11e4-aaab-000b6a4d90f4
,,,,ee1444b7-52fd-11e4-aaab-000b6a4d90f4
,,,,ee14e2e5-52fd-11e4-aaab-000b6a4d90f4
,,,,ee15532b-52fd-11e4-aaab-000b6a4d90f4
,,,,ee15da57-52fd-11e4-aaab-000b6a4d90f4
,,,,ee164b6b-52fd-11e4-aaab-000b6a4d90f4
,,,,ee16bbda-52fd-11e4-aaab-000b6a4d90f4
,,,,ee17422b-52fd-11e4-aaab-000b6a4d90f4
,,,,ee17c5c0-52fd-11e4-aaab-000b6a4d90f4
,,,,ee1836f9-52fd-11e4-aaab-000b6a4d90f4
,,,,ee18a882-52fd-11e4-aaab-000b6a4d90f4
,,,,ee192df8-52fd-11e4-aaab-000b6a4d90f4
,,,,ee19ff14-52fd-11e4-aaab-000b6a4d90f4
,,,,ee1a71d3-52fd-11e4-aaab-000b6a4d90f4
,,,,ee1ae25e-52fd-11e4-aaab-000b6a4d90f4
,,,,ee1b533d-52fd-11e4-aaab-000b6a4d90f4
,,,,ee1bc395-52fd-11e4-aaab-000b6a4d90f4
,,,,ee1c38fe-52fd-11e4-aaab-000b6a4d90f4
,,,,ee1caa0d-52fd-11e4-aaab-000b6a4d90f4
,,,,ee1d6298-52fd-11e4-aaab-000b6a4d90f4
,,,,ee1e097b-52fd-11e4-aaab-000b6a4d90f4
,,,,ee1e7ac4-52fd-11e4-aaab-000b6a4d90f4
,,,,ee1eebbc-52fd-11e4-aaab-000b6a4d90f4
,,,,ee1f5e11-52fd-11e4-aaab-000b6a4d90f4
,,,,ee1fcec9-52fd-11e4-aaab-000b6a4d90f4
,,,,ee203f3d-52fd-11e4-aaab-000b6a4d90f4
,,,,ee20af90-52fd-11e4-aaab-000b6a4d90f4
,,,,ee21206c-52fd-11e4-aaab-000b6a4d90f4
,,,,ee21921f-52fd-11e4-aaab-000b6a4d90f4
,,,,ee2202c6-52fd-11e4-aaab-000b6a4d90f4
,,,,ee228086-52fd-11e4-aaab-000b6a4d90f4
,,,,ee23071e-52fd-11e4-aaab-000b6a4d90f4
,,,,ee238f44-52fd-11e4-aaab-000b6a4d90f4
,,,,ee2400d0-52fd-11e4-aaab-000b6a4d90f4
,,,,ee2470be-52fd-11e4-aaab-000b6a4d90f4
,,,,ee24f072-52fd-11e4-aaab-000b6a4d90f4
,,,,ee2573ff-52fd-11e4-aaab-000b6a4d90f4
,,,,ee25e5ea-52fd-11e4-aaab-000b6a4d90f4
,,,,ee266f5c-52fd-11e4-aaab-000b6a4d90f4
,,,,ee26df24-52fd-11e4-aaab-000b6a4d90f4
,,,,ee27507a-52fd-11e4-aaab-000b6a4d90f4
,,,,ee27c01b-52fd-11e4-aaab-000b6a4d90f4
,,,,ee284bdd-52fd-11e4-aaab-000b6a4d90f4
,,,,ee28bc38-52fd-11e4-aaab-000b6a4d90f4
,,,,ee296375-52fd-11e4-aaab-000b6a4d90f4
,,,,ee29e839-52fd-11e4-aaab-000b6a4d90f4
,,,,ee2a58b6-52fd-11e4-aaab-000b6a4d90f4
,,,,ee2af01a-52fd-11e4-aaab-000b6a4d90f4
,,,,ee2b7c2d-52fd-11e4-aaab-000b6a4d90f4
,,,,ee2bed3b-52fd-11e4-aaab-000b6a4d90f4
,,,,ee2c702a-52fd-11e4-aaab-000b6a4d90f4
,,,,ee2ce149-52fd-11e4-aaab-000b6a4d90f4
,,,,ee2d5145-52fd-11e4-aaab-000b6a4d90f4
,,,,ee2dcfd3-52fd-11e4-aaab-000b6a4d90f4
,,,,ee2e40cb-52fd-11e4-aaab-000b6a4d90f4
,,,,ee2ecace-52fd-11e4-aaab-000b6a4d90f4
,,,,ee2f5cda-52fd-11e4-aaab-000b6a4d90f4
,,,,ee2fef1d-52fd-11e4-aaab-000b6a4d90f4
,,,,ee30605e-52fd-11e4-aaab-000b6a4d90f4
,,,,ee30d174-52fd-11e4-aaab-000b6a4d90f4
,,,,ee314285-52fd-11e4-aaab-000b6a4d90f4
,,,,ee31b4b9-52fd-11e4-aaab-000b6a4d90f4
,,,,ee32247a-52fd-11e4-aaab-000b6a4d90f4
,,,,ee32956a-52fd-11e4-aaab-000b6a4d90f4
,,,,ee3306d4-52fd-11e4-aaab-000b6a4d90f4
,,,,ee338cd4-52fd-11e4-aaab-000b6a4d90f4
,,,,ee34127f-52fd-11e4-aaab-000b6a4d90f4
,,,,ee3483ba-52fd-11e4-aaab-000b6a4d90f4
,,,,ee34f47a-52fd-11e4-aaab-000b6a4d90f4
,,,,ee3672bd-52fd-11e4-aaab-000b6a4d90f4
,,,,ee376094-52fd-11e4-aaab-000b6a4d90f4
,,,,ee387af5-52fd-11e4-aaab-000b6a4d90f4
,,,,ee393220-52fd-11e4-aaab-000b6a4d90f4
,,,,ee39a4d2-52fd-11e4-aaab-000b6a4d90f4
,,,,ee3a159d-52fd-11e4-aaab-000b6a4d90f4
,,,,ee3aa3a4-52fd-11e4-aaab-000b6a4d90f4
,,,,ee3b3575-52fd-11e4-aaab-000b6a4d90f4
,,,,ee3ba768-52fd-11e4-aaab-000b6a4d90f4
,,,,ee3c4e3e-52fd-11e4-aaab-000b6a4d90f4
,,,,ee3cc151-52fd-11e4-aaab-000b6a4d90f4
,,,,ee3d3dbe-52fd-11e4-aaab-000b6a4d90f4
,,,,ee3daf58-52fd-11e4-aaab-000b6a4d90f4
,,,,ee3e2d1f-52fd-11e4-aaab-000b6a4d90f4
,,,,ee3e9d3d-52fd-11e4-aaab-000b6a4d90f4
,,,,ee3f0f4d-52fd-11e4-aaab-000b6a4d90f4
,,,,ee3f9658-52fd-11e4-aaab-000b6a4d90f4
,,,,ee400b6d-52fd-11e4-aaab-000b6a4d90f4
