Масло кукурузное,900,10,,dcbf6108-53de-11e4-9f4b-000b6a4d90f4
Масло оливковое,824,10,,dcc14bc3-53de-11e4-9f4b-000b6a4d90f4
Масло подсолнечное,900,10,,dcc1c2e0-53de-11e4-9f4b-000b6a4d90f4
Масло растительное ,899,10,,dcc23889-53de-11e4-9f4b-000b6a4d90f4
Масло сливочное,750,10,,dcc2ae86-53de-11e4-9f4b-000b6a4d90f4
Масло соевое,900,10,,dcc324c6-53de-11e4-9f4b-000b6a4d90f4
Масло ореховое ,570,10,,dcc39ae5-53de-11e4-9f4b-000b6a4d90f4
Масло топлёное,885,10,,dcc41053-53de-11e4-9f4b-000b6a4d90f4
,,,,dcc4a91d-53de-11e4-9f4b-000b6a4d90f4
,,,,dcc51f95-53de-11e4-9f4b-000b6a4d90f4
,,,,dcc5ac3a-53de-11e4-9f4b-000b6a4d90f4
,,,,dcc621a8-53de-11e4-9f4b-000b6a4d90f4
,,,,dcc695a3-53de-11e4-9f4b-000b6a4d90f4
,,,,dcc740cb-53de-11e4-9f4b-000b6a4d90f4
,,,,dcc7b719-53de-11e4-9f4b-000b6a4d90f4
,,,,dcc82ca0-53de-11e4-9f4b-000b6a4d90f4
,,,,dcc8b72c-53de-11e4-9f4b-000b6a4d90f4
,,,,dcc95661-53de-11e4-9f4b-000b6a4d90f4
,,,,dcc9fe0b-53de-11e4-9f4b-000b6a4d90f4
,,,,dccac9b2-53de-11e4-9f4b-000b6a4d90f4
,,,,dccb3ea8-53de-11e4-9f4b-000b6a4d90f4
,,,,dccbb40b-53de-11e4-9f4b-000b6a4d90f4
,,,,dccc292c-53de-11e4-9f4b-000b6a4d90f4
,,,,dccc9eda-53de-11e4-9f4b-000b6a4d90f4
,,,,dccd149d-53de-11e4-9f4b-000b6a4d90f4
,,,,dccd8a35-53de-11e4-9f4b-000b6a4d90f4
,,,,dcce0062-53de-11e4-9f4b-000b6a4d90f4
,,,,dcce75fa-53de-11e4-9f4b-000b6a4d90f4
,,,,dcceebb7-53de-11e4-9f4b-000b6a4d90f4
,,,,dccf8943-53de-11e4-9f4b-000b6a4d90f4
,,,,dcd02b48-53de-11e4-9f4b-000b6a4d90f4
,,,,dcd0f307-53de-11e4-9f4b-000b6a4d90f4
,,,,dcd1965b-53de-11e4-9f4b-000b6a4d90f4
,,,,dcd20cdf-53de-11e4-9f4b-000b6a4d90f4
,,,,dcd282ac-53de-11e4-9f4b-000b6a4d90f4
,,,,dcd2f8fd-53de-11e4-9f4b-000b6a4d90f4
,,,,dcd3a348-53de-11e4-9f4b-000b6a4d90f4
,,,,dcd41929-53de-11e4-9f4b-000b6a4d90f4
,,,,dcd48eff-53de-11e4-9f4b-000b6a4d90f4
,,,,dcd51926-53de-11e4-9f4b-000b6a4d90f4
,,,,dcd5b72d-53de-11e4-9f4b-000b6a4d90f4
,,,,dcd658ef-53de-11e4-9f4b-000b6a4d90f4
,,,,dcd7b3e7-53de-11e4-9f4b-000b6a4d90f4
,,,,dcd8291b-53de-11e4-9f4b-000b6a4d90f4
,,,,dcd89ebf-53de-11e4-9f4b-000b6a4d90f4
,,,,dcd91edf-53de-11e4-9f4b-000b6a4d90f4
,,,,dcd9a575-53de-11e4-9f4b-000b6a4d90f4
,,,,dcda2fbc-53de-11e4-9f4b-000b6a4d90f4
,,,,dcdaa5c1-53de-11e4-9f4b-000b6a4d90f4
,,,,dcdb1b4e-53de-11e4-9f4b-000b6a4d90f4
,,,,dcdb949f-53de-11e4-9f4b-000b6a4d90f4
,,,,dcdc0ab0-53de-11e4-9f4b-000b6a4d90f4
,,,,dcdc7f17-53de-11e4-9f4b-000b6a4d90f4
,,,,dcdd08ee-53de-11e4-9f4b-000b6a4d90f4
,,,,dcdd9c6d-53de-11e4-9f4b-000b6a4d90f4
,,,,dcde12f3-53de-11e4-9f4b-000b6a4d90f4
,,,,dcdec3d8-53de-11e4-9f4b-000b6a4d90f4
,,,,dcdf3b8e-53de-11e4-9f4b-000b6a4d90f4
,,,,dcdfc62b-53de-11e4-9f4b-000b6a4d90f4
,,,,dce03c9b-53de-11e4-9f4b-000b6a4d90f4
,,,,dce0b1d7-53de-11e4-9f4b-000b6a4d90f4
,,,,dce128c4-53de-11e4-9f4b-000b6a4d90f4
,,,,dce1e71e-53de-11e4-9f4b-000b6a4d90f4
,,,,dce25d0a-53de-11e4-9f4b-000b6a4d90f4
,,,,dce2d28f-53de-11e4-9f4b-000b6a4d90f4
,,,,dce34881-53de-11e4-9f4b-000b6a4d90f4
,,,,dce3bea5-53de-11e4-9f4b-000b6a4d90f4
,,,,dce43467-53de-11e4-9f4b-000b6a4d90f4
,,,,dce4a9ae-53de-11e4-9f4b-000b6a4d90f4
,,,,dce51e2d-53de-11e4-9f4b-000b6a4d90f4
,,,,dce59610-53de-11e4-9f4b-000b6a4d90f4
,,,,dce61f36-53de-11e4-9f4b-000b6a4d90f4
,,,,dce6952e-53de-11e4-9f4b-000b6a4d90f4
,,,,dce70a67-53de-11e4-9f4b-000b6a4d90f4
,,,,dce77ec4-53de-11e4-9f4b-000b6a4d90f4
,,,,dce7f467-53de-11e4-9f4b-000b6a4d90f4
,,,,dce86ea9-53de-11e4-9f4b-000b6a4d90f4
,,,,dce8f92f-53de-11e4-9f4b-000b6a4d90f4
,,,,dce96ea3-53de-11e4-9f4b-000b6a4d90f4
,,,,dce9e495-53de-11e4-9f4b-000b6a4d90f4
,,,,dcea6e02-53de-11e4-9f4b-000b6a4d90f4
,,,,dceae349-53de-11e4-9f4b-000b6a4d90f4
,,,,dceb7177-53de-11e4-9f4b-000b6a4d90f4
,,,,dcebe71e-53de-11e4-9f4b-000b6a4d90f4
,,,,dcec5c95-53de-11e4-9f4b-000b6a4d90f4
,,,,dcecd209-53de-11e4-9f4b-000b6a4d90f4
,,,,dced484b-53de-11e4-9f4b-000b6a4d90f4
,,,,dcedbd6c-53de-11e4-9f4b-000b6a4d90f4
,,,,dcee32a2-53de-11e4-9f4b-000b6a4d90f4
,,,,dceedac1-53de-11e4-9f4b-000b6a4d90f4
,,,,dcef50c1-53de-11e4-9f4b-000b6a4d90f4
,,,,dcefc62a-53de-11e4-9f4b-000b6a4d90f4
,,,,dcf03b61-53de-11e4-9f4b-000b6a4d90f4
,,,,dcf0b08f-53de-11e4-9f4b-000b6a4d90f4
,,,,dcf13c03-53de-11e4-9f4b-000b6a4d90f4
,,,,dcf1b38a-53de-11e4-9f4b-000b6a4d90f4
,,,,dcf228ad-53de-11e4-9f4b-000b6a4d90f4
,,,,dcf29f09-53de-11e4-9f4b-000b6a4d90f4
,,,,dcf3269a-53de-11e4-9f4b-000b6a4d90f4
,,,,dcf3d4de-53de-11e4-9f4b-000b6a4d90f4
,,,,dcf44ba4-53de-11e4-9f4b-000b6a4d90f4
,,,,dcf4c1df-53de-11e4-9f4b-000b6a4d90f4
,,,,dcf53734-53de-11e4-9f4b-000b6a4d90f4
,,,,dcf5c2e8-53de-11e4-9f4b-000b6a4d90f4
,,,,dcf64cd2-53de-11e4-9f4b-000b6a4d90f4
,,,,dcf6c110-53de-11e4-9f4b-000b6a4d90f4
,,,,dcf73742-53de-11e4-9f4b-000b6a4d90f4
,,,,dcf894d3-53de-11e4-9f4b-000b6a4d90f4
,,,,dcfa4e39-53de-11e4-9f4b-000b6a4d90f4
,,,,dcfb02ad-53de-11e4-9f4b-000b6a4d90f4
,,,,dcfc64bd-53de-11e4-9f4b-000b6a4d90f4
,,,,dcfd9b50-53de-11e4-9f4b-000b6a4d90f4
,,,,dcfe688f-53de-11e4-9f4b-000b6a4d90f4
,,,,dcfedc74-53de-11e4-9f4b-000b6a4d90f4
,,,,dcff51ad-53de-11e4-9f4b-000b6a4d90f4
,,,,dcffc620-53de-11e4-9f4b-000b6a4d90f4
,,,,dd003955-53de-11e4-9f4b-000b6a4d90f4
,,,,dd00c5c1-53de-11e4-9f4b-000b6a4d90f4
,,,,dd014f2e-53de-11e4-9f4b-000b6a4d90f4
,,,,dd01c3dc-53de-11e4-9f4b-000b6a4d90f4
,,,,dd02393c-53de-11e4-9f4b-000b6a4d90f4
,,,,dd0316a7-53de-11e4-9f4b-000b6a4d90f4
,,,,dd038b4f-53de-11e4-9f4b-000b6a4d90f4
,,,,dd040335-53de-11e4-9f4b-000b6a4d90f4
,,,,dd048e6f-53de-11e4-9f4b-000b6a4d90f4
,,,,dd050493-53de-11e4-9f4b-000b6a4d90f4
,,,,dd05ac2e-53de-11e4-9f4b-000b6a4d90f4
,,,,dd0621bc-53de-11e4-9f4b-000b6a4d90f4
,,,,dd06975f-53de-11e4-9f4b-000b6a4d90f4
,,,,dd07167e-53de-11e4-9f4b-000b6a4d90f4
,,,,dd078bc6-53de-11e4-9f4b-000b6a4d90f4
,,,,dd08001a-53de-11e4-9f4b-000b6a4d90f4
,,,,dd0886c1-53de-11e4-9f4b-000b6a4d90f4
,,,,dd08fba9-53de-11e4-9f4b-000b6a4d90f4
,,,,dd0970f4-53de-11e4-9f4b-000b6a4d90f4
,,,,dd09fd34-53de-11e4-9f4b-000b6a4d90f4
,,,,dd0a7219-53de-11e4-9f4b-000b6a4d90f4
,,,,dd0ae7d0-53de-11e4-9f4b-000b6a4d90f4
,,,,dd0b5cbb-53de-11e4-9f4b-000b6a4d90f4
,,,,dd0bd1d6-53de-11e4-9f4b-000b6a4d90f4
,,,,dd0c465a-53de-11e4-9f4b-000b6a4d90f4
,,,,dd0ccefd-53de-11e4-9f4b-000b6a4d90f4
,,,,dd0d8775-53de-11e4-9f4b-000b6a4d90f4
,,,,dd0ec002-53de-11e4-9f4b-000b6a4d90f4
,,,,dd0f3637-53de-11e4-9f4b-000b6a4d90f4
,,,,dd0fde1b-53de-11e4-9f4b-000b6a4d90f4
,,,,dd106b67-53de-11e4-9f4b-000b6a4d90f4
,,,,dd10dfa5-53de-11e4-9f4b-000b6a4d90f4
,,,,dd11558c-53de-11e4-9f4b-000b6a4d90f4
,,,,dd11cb40-53de-11e4-9f4b-000b6a4d90f4
,,,,dd124331-53de-11e4-9f4b-000b6a4d90f4
,,,,dd12cbb9-53de-11e4-9f4b-000b6a4d90f4
,,,,dd134127-53de-11e4-9f4b-000b6a4d90f4
,,,,dd13b748-53de-11e4-9f4b-000b6a4d90f4
,,,,dd145fcc-53de-11e4-9f4b-000b6a4d90f4
,,,,dd14d4f2-53de-11e4-9f4b-000b6a4d90f4
,,,,dd157761-53de-11e4-9f4b-000b6a4d90f4
,,,,dd16037a-53de-11e4-9f4b-000b6a4d90f4
,,,,dd16826a-53de-11e4-9f4b-000b6a4d90f4
,,,,dd16f7e6-53de-11e4-9f4b-000b6a4d90f4
,,,,dd17bce5-53de-11e4-9f4b-000b6a4d90f4
,,,,dd18322a-53de-11e4-9f4b-000b6a4d90f4
,,,,dd18a811-53de-11e4-9f4b-000b6a4d90f4
,,,,dd191da1-53de-11e4-9f4b-000b6a4d90f4
,,,,dd19b821-53de-11e4-9f4b-000b6a4d90f4
,,,,dd1a4196-53de-11e4-9f4b-000b6a4d90f4
,,,,dd1ab74a-53de-11e4-9f4b-000b6a4d90f4
,,,,dd1b2e99-53de-11e4-9f4b-000b6a4d90f4
,,,,dd1ba289-53de-11e4-9f4b-000b6a4d90f4
,,,,dd1c17b7-53de-11e4-9f4b-000b6a4d90f4
,,,,dd1ca34a-53de-11e4-9f4b-000b6a4d90f4
,,,,dd1d196e-53de-11e4-9f4b-000b6a4d90f4
,,,,dd1d8e08-53de-11e4-9f4b-000b6a4d90f4
,,,,dd1e02bc-53de-11e4-9f4b-000b6a4d90f4
,,,,dd1e77ea-53de-11e4-9f4b-000b6a4d90f4
,,,,dd1eed48-53de-11e4-9f4b-000b6a4d90f4
,,,,dd1f7719-53de-11e4-9f4b-000b6a4d90f4
,,,,dd20014e-53de-11e4-9f4b-000b6a4d90f4
,,,,dd20ed67-53de-11e4-9f4b-000b6a4d90f4
,,,,dd2163b5-53de-11e4-9f4b-000b6a4d90f4
,,,,dd21f264-53de-11e4-9f4b-000b6a4d90f4
,,,,dd228e87-53de-11e4-9f4b-000b6a4d90f4
,,,,dd230380-53de-11e4-9f4b-000b6a4d90f4
,,,,dd23789b-53de-11e4-9f4b-000b6a4d90f4
,,,,dd23ede8-53de-11e4-9f4b-000b6a4d90f4
,,,,dd24611d-53de-11e4-9f4b-000b6a4d90f4
,,,,dd24e950-53de-11e4-9f4b-000b6a4d90f4
,,,,dd255f8d-53de-11e4-9f4b-000b6a4d90f4
,,,,dd25d903-53de-11e4-9f4b-000b6a4d90f4
,,,,dd264e1b-53de-11e4-9f4b-000b6a4d90f4
,,,,dd26c32a-53de-11e4-9f4b-000b6a4d90f4
,,,,dd278805-53de-11e4-9f4b-000b6a4d90f4
,,,,dd27ff24-53de-11e4-9f4b-000b6a4d90f4
,,,,dd28767e-53de-11e4-9f4b-000b6a4d90f4
,,,,dd28eb2f-53de-11e4-9f4b-000b6a4d90f4
,,,,dd2960ec-53de-11e4-9f4b-000b6a4d90f4
,,,,dd29ea6c-53de-11e4-9f4b-000b6a4d90f4
,,,,dd2a5fd2-53de-11e4-9f4b-000b6a4d90f4
,,,,dd2ad5f0-53de-11e4-9f4b-000b6a4d90f4
,,,,dd2b4b54-53de-11e4-9f4b-000b6a4d90f4
,,,,dd2bc2fc-53de-11e4-9f4b-000b6a4d90f4
,,,,dd2c39ca-53de-11e4-9f4b-000b6a4d90f4
,,,,dd2cc3a9-53de-11e4-9f4b-000b6a4d90f4
,,,,dd2d3876-53de-11e4-9f4b-000b6a4d90f4
,,,,dd2dcc40-53de-11e4-9f4b-000b6a4d90f4
,,,,dd2e427b-53de-11e4-9f4b-000b6a4d90f4
,,,,dd2eb9b3-53de-11e4-9f4b-000b6a4d90f4
,,,,dd2f7dde-53de-11e4-9f4b-000b6a4d90f4
,,,,dd3074b4-53de-11e4-9f4b-000b6a4d90f4
,,,,dd30eae8-53de-11e4-9f4b-000b6a4d90f4
,,,,dd315ea9-53de-11e4-9f4b-000b6a4d90f4
,,,,dd31d4a0-53de-11e4-9f4b-000b6a4d90f4
,,,,dd325bd5-53de-11e4-9f4b-000b6a4d90f4
,,,,dd32d282-53de-11e4-9f4b-000b6a4d90f4
,,,,dd336243-53de-11e4-9f4b-000b6a4d90f4
,,,,dd33d726-53de-11e4-9f4b-000b6a4d90f4
,,,,dd3461cb-53de-11e4-9f4b-000b6a4d90f4
,,,,dd34f2ef-53de-11e4-9f4b-000b6a4d90f4
,,,,dd357dd2-53de-11e4-9f4b-000b6a4d90f4
,,,,dd35f2ec-53de-11e4-9f4b-000b6a4d90f4
,,,,dd3668e4-53de-11e4-9f4b-000b6a4d90f4
,,,,dd36de55-53de-11e4-9f4b-000b6a4d90f4
,,,,dd37af47-53de-11e4-9f4b-000b6a4d90f4
,,,,dd383934-53de-11e4-9f4b-000b6a4d90f4
,,,,dd38ae7b-53de-11e4-9f4b-000b6a4d90f4
,,,,dd392449-53de-11e4-9f4b-000b6a4d90f4
,,,,dd39ad1c-53de-11e4-9f4b-000b6a4d90f4
,,,,dd3a54d3-53de-11e4-9f4b-000b6a4d90f4
,,,,dd3acc2b-53de-11e4-9f4b-000b6a4d90f4
,,,,dd3b41e4-53de-11e4-9f4b-000b6a4d90f4
,,,,dd3bb684-53de-11e4-9f4b-000b6a4d90f4
,,,,dd3c2b2f-53de-11e4-9f4b-000b6a4d90f4
,,,,dd3cb532-53de-11e4-9f4b-000b6a4d90f4
,,,,dd3d4722-53de-11e4-9f4b-000b6a4d90f4
,,,,dd3dd9bc-53de-11e4-9f4b-000b6a4d90f4
,,,,dd3e500d-53de-11e4-9f4b-000b6a4d90f4
,,,,dd3ec4e1-53de-11e4-9f4b-000b6a4d90f4
,,,,dd3f5045-53de-11e4-9f4b-000b6a4d90f4
,,,,dd3fc57e-53de-11e4-9f4b-000b6a4d90f4
,,,,dd403abd-53de-11e4-9f4b-000b6a4d90f4
,,,,dd40b00d-53de-11e4-9f4b-000b6a4d90f4
,,,,dd4126f7-53de-11e4-9f4b-000b6a4d90f4
,,,,dd419c95-53de-11e4-9f4b-000b6a4d90f4
,,,,dd422765-53de-11e4-9f4b-000b6a4d90f4
,,,,dd429c37-53de-11e4-9f4b-000b6a4d90f4
,,,,dd432298-53de-11e4-9f4b-000b6a4d90f4
,,,,dd43b5e1-53de-11e4-9f4b-000b6a4d90f4
,,,,dd443382-53de-11e4-9f4b-000b6a4d90f4
,,,,dd44d093-53de-11e4-9f4b-000b6a4d90f4
,,,,dd45b5d7-53de-11e4-9f4b-000b6a4d90f4
,,,,dd462de7-53de-11e4-9f4b-000b6a4d90f4
,,,,dd46a4bb-53de-11e4-9f4b-000b6a4d90f4
,,,,dd476a96-53de-11e4-9f4b-000b6a4d90f4
,,,,dd47e053-53de-11e4-9f4b-000b6a4d90f4
,,,,dd4855fc-53de-11e4-9f4b-000b6a4d90f4
,,,,dd48cb62-53de-11e4-9f4b-000b6a4d90f4
,,,,dd493fee-53de-11e4-9f4b-000b6a4d90f4
,,,,dd49b509-53de-11e4-9f4b-000b6a4d90f4
,,,,dd4a3e68-53de-11e4-9f4b-000b6a4d90f4
,,,,dd4ab348-53de-11e4-9f4b-000b6a4d90f4
,,,,dd4b2993-53de-11e4-9f4b-000b6a4d90f4
,,,,dd4b9db8-53de-11e4-9f4b-000b6a4d90f4
,,,,dd4c12de-53de-11e4-9f4b-000b6a4d90f4
,,,,dd4c9bb3-53de-11e4-9f4b-000b6a4d90f4
,,,,dd4d138e-53de-11e4-9f4b-000b6a4d90f4
,,,,dd4d8a11-53de-11e4-9f4b-000b6a4d90f4
,,,,dd4dfe76-53de-11e4-9f4b-000b6a4d90f4
,,,,dd4e74e5-53de-11e4-9f4b-000b6a4d90f4
,,,,dd4eeb44-53de-11e4-9f4b-000b6a4d90f4
,,,,dd4f755e-53de-11e4-9f4b-000b6a4d90f4
,,,,dd4fea89-53de-11e4-9f4b-000b6a4d90f4
,,,,dd506075-53de-11e4-9f4b-000b6a4d90f4
,,,,dd50d65f-53de-11e4-9f4b-000b6a4d90f4
,,,,dd514c2f-53de-11e4-9f4b-000b6a4d90f4
,,,,dd51c1b4-53de-11e4-9f4b-000b6a4d90f4
,,,,dd524b98-53de-11e4-9f4b-000b6a4d90f4
,,,,dd52c118-53de-11e4-9f4b-000b6a4d90f4
,,,,dd53d381-53de-11e4-9f4b-000b6a4d90f4
,,,,dd5448ba-53de-11e4-9f4b-000b6a4d90f4
,,,,dd54d14a-53de-11e4-9f4b-000b6a4d90f4
,,,,dd554651-53de-11e4-9f4b-000b6a4d90f4
,,,,dd55bb71-53de-11e4-9f4b-000b6a4d90f4
,,,,dd563144-53de-11e4-9f4b-000b6a4d90f4
,,,,dd56a75d-53de-11e4-9f4b-000b6a4d90f4
,,,,dd57b186-53de-11e4-9f4b-000b6a4d90f4
,,,,dd583a51-53de-11e4-9f4b-000b6a4d90f4
,,,,dd58aea0-53de-11e4-9f4b-000b6a4d90f4
,,,,dd592424-53de-11e4-9f4b-000b6a4d90f4
,,,,dd59aeae-53de-11e4-9f4b-000b6a4d90f4
,,,,dd5a48ab-53de-11e4-9f4b-000b6a4d90f4
,,,,dd5abde7-53de-11e4-9f4b-000b6a4d90f4
,,,,dd5b340b-53de-11e4-9f4b-000b6a4d90f4
,,,,dd5baa19-53de-11e4-9f4b-000b6a4d90f4
,,,,dd5c57f8-53de-11e4-9f4b-000b6a4d90f4
,,,,dd5cccec-53de-11e4-9f4b-000b6a4d90f4
,,,,dd5d6a48-53de-11e4-9f4b-000b6a4d90f4
,,,,dd5de04b-53de-11e4-9f4b-000b6a4d90f4
,,,,dd5e5661-53de-11e4-9f4b-000b6a4d90f4
,,,,dd5ecb8f-53de-11e4-9f4b-000b6a4d90f4
,,,,dd5f54d7-53de-11e4-9f4b-000b6a4d90f4
,,,,dd5fce90-53de-11e4-9f4b-000b6a4d90f4
,,,,dd6044f1-53de-11e4-9f4b-000b6a4d90f4
,,,,dd60bd22-53de-11e4-9f4b-000b6a4d90f4
,,,,dd6132e8-53de-11e4-9f4b-000b6a4d90f4
,,,,dd61a88e-53de-11e4-9f4b-000b6a4d90f4
,,,,dd6233de-53de-11e4-9f4b-000b6a4d90f4
,,,,dd62a9db-53de-11e4-9f4b-000b6a4d90f4
,,,,dd6327b0-53de-11e4-9f4b-000b6a4d90f4
,,,,dd63d1e5-53de-11e4-9f4b-000b6a4d90f4
,,,,dd644844-53de-11e4-9f4b-000b6a4d90f4
,,,,dd64d2b1-53de-11e4-9f4b-000b6a4d90f4
,,,,dd654797-53de-11e4-9f4b-000b6a4d90f4
,,,,dd6628d1-53de-11e4-9f4b-000b6a4d90f4
,,,,dd674797-53de-11e4-9f4b-000b6a4d90f4
,,,,dd67bd32-53de-11e4-9f4b-000b6a4d90f4
,,,,dd68331c-53de-11e4-9f4b-000b6a4d90f4
,,,,dd68a9bd-53de-11e4-9f4b-000b6a4d90f4
,,,,dd691fcb-53de-11e4-9f4b-000b6a4d90f4
,,,,dd69accf-53de-11e4-9f4b-000b6a4d90f4
,,,,dd6a35fe-53de-11e4-9f4b-000b6a4d90f4
,,,,dd6aac92-53de-11e4-9f4b-000b6a4d90f4
,,,,dd6b2fce-53de-11e4-9f4b-000b6a4d90f4
,,,,dd6ba5d9-53de-11e4-9f4b-000b6a4d90f4
,,,,dd6c1c75-53de-11e4-9f4b-000b6a4d90f4
,,,,dd6ca4ff-53de-11e4-9f4b-000b6a4d90f4
,,,,dd6d1af7-53de-11e4-9f4b-000b6a4d90f4
,,,,dd6d9145-53de-11e4-9f4b-000b6a4d90f4
,,,,dd6e0739-53de-11e4-9f4b-000b6a4d90f4
,,,,dd6e7bfa-53de-11e4-9f4b-000b6a4d90f4
,,,,dd6ef0cf-53de-11e4-9f4b-000b6a4d90f4
,,,,dd6f7c03-53de-11e4-9f4b-000b6a4d90f4
,,,,dd6ff224-53de-11e4-9f4b-000b6a4d90f4
,,,,dd7067c0-53de-11e4-9f4b-000b6a4d90f4
,,,,dd70f09b-53de-11e4-9f4b-000b6a4d90f4
,,,,dd7166a3-53de-11e4-9f4b-000b6a4d90f4
,,,,dd71f11e-53de-11e4-9f4b-000b6a4d90f4
,,,,dd726d2f-53de-11e4-9f4b-000b6a4d90f4
,,,,dd732c92-53de-11e4-9f4b-000b6a4d90f4
,,,,dd73a241-53de-11e4-9f4b-000b6a4d90f4
,,,,dd741811-53de-11e4-9f4b-000b6a4d90f4
,,,,dd74a223-53de-11e4-9f4b-000b6a4d90f4
,,,,dd75362b-53de-11e4-9f4b-000b6a4d90f4
,,,,dd75acda-53de-11e4-9f4b-000b6a4d90f4
,,,,dd7622c6-53de-11e4-9f4b-000b6a4d90f4
,,,,dd76e8c1-53de-11e4-9f4b-000b6a4d90f4
,,,,dd775e27-53de-11e4-9f4b-000b6a4d90f4
,,,,dd78080d-53de-11e4-9f4b-000b6a4d90f4
,,,,dd78918d-53de-11e4-9f4b-000b6a4d90f4
,,,,dd790752-53de-11e4-9f4b-000b6a4d90f4
,,,,dd79916f-53de-11e4-9f4b-000b6a4d90f4
,,,,dd7a09d5-53de-11e4-9f4b-000b6a4d90f4
,,,,dd7a7f7c-53de-11e4-9f4b-000b6a4d90f4
,,,,dd7af51f-53de-11e4-9f4b-000b6a4d90f4
,,,,dd7b96cb-53de-11e4-9f4b-000b6a4d90f4
,,,,dd7c1ba8-53de-11e4-9f4b-000b6a4d90f4
,,,,dd7ca700-53de-11e4-9f4b-000b6a4d90f4
,,,,dd7d3252-53de-11e4-9f4b-000b6a4d90f4
,,,,dd7deb88-53de-11e4-9f4b-000b6a4d90f4
,,,,dd7e6352-53de-11e4-9f4b-000b6a4d90f4
,,,,dd7ed9b9-53de-11e4-9f4b-000b6a4d90f4
,,,,dd7f4f84-53de-11e4-9f4b-000b6a4d90f4
,,,,dd7fc626-53de-11e4-9f4b-000b6a4d90f4
,,,,dd804ecf-53de-11e4-9f4b-000b6a4d90f4
,,,,dd80c4f6-53de-11e4-9f4b-000b6a4d90f4
,,,,dd8156cf-53de-11e4-9f4b-000b6a4d90f4
,,,,dd81cc59-53de-11e4-9f4b-000b6a4d90f4
,,,,dd82420b-53de-11e4-9f4b-000b6a4d90f4
,,,,dd82b74a-53de-11e4-9f4b-000b6a4d90f4
,,,,dd833fad-53de-11e4-9f4b-000b6a4d90f4
,,,,dd83b6a5-53de-11e4-9f4b-000b6a4d90f4
,,,,dd842b1e-53de-11e4-9f4b-000b6a4d90f4
,,,,dd84abf1-53de-11e4-9f4b-000b6a4d90f4
,,,,dd852215-53de-11e4-9f4b-000b6a4d90f4
,,,,dd8598b4-53de-11e4-9f4b-000b6a4d90f4
,,,,dd862290-53de-11e4-9f4b-000b6a4d90f4
,,,,dd86b4e7-53de-11e4-9f4b-000b6a4d90f4
,,,,dd872b2c-53de-11e4-9f4b-000b6a4d90f4
,,,,dd87a10d-53de-11e4-9f4b-000b6a4d90f4
,,,,dd88160c-53de-11e4-9f4b-000b6a4d90f4
,,,,dd888ad9-53de-11e4-9f4b-000b6a4d90f4
,,,,dd8900af-53de-11e4-9f4b-000b6a4d90f4
,,,,dd899296-53de-11e4-9f4b-000b6a4d90f4
,,,,dd8a098e-53de-11e4-9f4b-000b6a4d90f4
,,,,dd8a812b-53de-11e4-9f4b-000b6a4d90f4
,,,,dd8af58b-53de-11e4-9f4b-000b6a4d90f4
,,,,dd8b6b50-53de-11e4-9f4b-000b6a4d90f4
,,,,dd8be150-53de-11e4-9f4b-000b6a4d90f4
,,,,dd8c8a00-53de-11e4-9f4b-000b6a4d90f4
,,,,dd8d2230-53de-11e4-9f4b-000b6a4d90f4
,,,,dd8dacac-53de-11e4-9f4b-000b6a4d90f4
,,,,dd8e429c-53de-11e4-9f4b-000b6a4d90f4
,,,,dd8f297e-53de-11e4-9f4b-000b6a4d90f4
,,,,dd90c45b-53de-11e4-9f4b-000b6a4d90f4
,,,,dd9150cd-53de-11e4-9f4b-000b6a4d90f4
,,,,dd91c6d5-53de-11e4-9f4b-000b6a4d90f4
,,,,dd923d28-53de-11e4-9f4b-000b6a4d90f4
,,,,dd92b2cc-53de-11e4-9f4b-000b6a4d90f4
,,,,dd93290f-53de-11e4-9f4b-000b6a4d90f4
,,,,dd939d34-53de-11e4-9f4b-000b6a4d90f4
,,,,dd942630-53de-11e4-9f4b-000b6a4d90f4
,,,,dd94b5ab-53de-11e4-9f4b-000b6a4d90f4
,,,,dd952ad7-53de-11e4-9f4b-000b6a4d90f4
,,,,dd959f90-53de-11e4-9f4b-000b6a4d90f4
,,,,dd963e54-53de-11e4-9f4b-000b6a4d90f4
,,,,dd983ec8-53de-11e4-9f4b-000b6a4d90f4
,,,,dd98c75a-53de-11e4-9f4b-000b6a4d90f4
,,,,dd993d54-53de-11e4-9f4b-000b6a4d90f4
,,,,dd99fbb3-53de-11e4-9f4b-000b6a4d90f4
,,,,dd9abecc-53de-11e4-9f4b-000b6a4d90f4
,,,,dd9b3577-53de-11e4-9f4b-000b6a4d90f4
,,,,dd9bf6fd-53de-11e4-9f4b-000b6a4d90f4
,,,,dd9cebd4-53de-11e4-9f4b-000b6a4d90f4
,,,,dd9d7c2b-53de-11e4-9f4b-000b6a4d90f4
,,,,dd9e0749-53de-11e4-9f4b-000b6a4d90f4
,,,,dd9e908b-53de-11e4-9f4b-000b6a4d90f4
,,,,dd9f8698-53de-11e4-9f4b-000b6a4d90f4
,,,,dda03e11-53de-11e4-9f4b-000b6a4d90f4
,,,,dda0b1e5-53de-11e4-9f4b-000b6a4d90f4
,,,,dda163ed-53de-11e4-9f4b-000b6a4d90f4
,,,,dda1f48a-53de-11e4-9f4b-000b6a4d90f4
,,,,dda27ef2-53de-11e4-9f4b-000b6a4d90f4
,,,,dda2f402-53de-11e4-9f4b-000b6a4d90f4
,,,,dda368f5-53de-11e4-9f4b-000b6a4d90f4
,,,,dda4070a-53de-11e4-9f4b-000b6a4d90f4
,,,,dda4cacd-53de-11e4-9f4b-000b6a4d90f4
,,,,dda58f19-53de-11e4-9f4b-000b6a4d90f4
,,,,dda69f24-53de-11e4-9f4b-000b6a4d90f4
,,,,dda77474-53de-11e4-9f4b-000b6a4d90f4
,,,,dda7eab4-53de-11e4-9f4b-000b6a4d90f4
,,,,dda85f2c-53de-11e4-9f4b-000b6a4d90f4
,,,,dda9105a-53de-11e4-9f4b-000b6a4d90f4
,,,,dda9e343-53de-11e4-9f4b-000b6a4d90f4
,,,,ddaa58e9-53de-11e4-9f4b-000b6a4d90f4
,,,,ddaace39-53de-11e4-9f4b-000b6a4d90f4
,,,,ddab6b50-53de-11e4-9f4b-000b6a4d90f4
,,,,ddabdf83-53de-11e4-9f4b-000b6a4d90f4
,,,,ddac6a12-53de-11e4-9f4b-000b6a4d90f4
,,,,ddacdf7a-53de-11e4-9f4b-000b6a4d90f4
,,,,ddad53d2-53de-11e4-9f4b-000b6a4d90f4
,,,,ddae39dc-53de-11e4-9f4b-000b6a4d90f4
,,,,ddaed560-53de-11e4-9f4b-000b6a4d90f4
,,,,ddaf7e19-53de-11e4-9f4b-000b6a4d90f4
,,,,ddaff360-53de-11e4-9f4b-000b6a4d90f4
,,,,ddb067de-53de-11e4-9f4b-000b6a4d90f4
,,,,ddb0dd77-53de-11e4-9f4b-000b6a4d90f4
,,,,ddb15339-53de-11e4-9f4b-000b6a4d90f4
,,,,ddb1dd61-53de-11e4-9f4b-000b6a4d90f4
,,,,ddb2eb80-53de-11e4-9f4b-000b6a4d90f4
,,,,ddb3626d-53de-11e4-9f4b-000b6a4d90f4
,,,,ddb3d7a4-53de-11e4-9f4b-000b6a4d90f4
,,,,ddb461b2-53de-11e4-9f4b-000b6a4d90f4
,,,,ddb51f43-53de-11e4-9f4b-000b6a4d90f4
,,,,ddb64f77-53de-11e4-9f4b-000b6a4d90f4
,,,,ddb71388-53de-11e4-9f4b-000b6a4d90f4
,,,,ddb79c39-53de-11e4-9f4b-000b6a4d90f4
,,,,ddb812bc-53de-11e4-9f4b-000b6a4d90f4
,,,,ddb8a306-53de-11e4-9f4b-000b6a4d90f4
,,,,ddb937ad-53de-11e4-9f4b-000b6a4d90f4
,,,,ddb9ad0b-53de-11e4-9f4b-000b6a4d90f4
,,,,ddba21d5-53de-11e4-9f4b-000b6a4d90f4
,,,,ddba973b-53de-11e4-9f4b-000b6a4d90f4
,,,,ddbb0b41-53de-11e4-9f4b-000b6a4d90f4
,,,,ddbb9605-53de-11e4-9f4b-000b6a4d90f4
,,,,ddbc0bc7-53de-11e4-9f4b-000b6a4d90f4
,,,,ddbcaf83-53de-11e4-9f4b-000b6a4d90f4
,,,,ddbdaefd-53de-11e4-9f4b-000b6a4d90f4
,,,,ddbe23d5-53de-11e4-9f4b-000b6a4d90f4
,,,,ddbeb714-53de-11e4-9f4b-000b6a4d90f4
,,,,ddbf2c5b-53de-11e4-9f4b-000b6a4d90f4
,,,,ddbfa109-53de-11e4-9f4b-000b6a4d90f4
,,,,ddc01650-53de-11e4-9f4b-000b6a4d90f4
,,,,ddc08b68-53de-11e4-9f4b-000b6a4d90f4
,,,,ddc1001e-53de-11e4-9f4b-000b6a4d90f4
,,,,ddc18bfc-53de-11e4-9f4b-000b6a4d90f4
,,,,ddc20152-53de-11e4-9f4b-000b6a4d90f4
,,,,ddc276a4-53de-11e4-9f4b-000b6a4d90f4
,,,,ddc2ebd2-53de-11e4-9f4b-000b6a4d90f4
,,,,ddc3761e-53de-11e4-9f4b-000b6a4d90f4
,,,,ddc4c61c-53de-11e4-9f4b-000b6a4d90f4
,,,,ddc53be7-53de-11e4-9f4b-000b6a4d90f4
,,,,ddc5af8b-53de-11e4-9f4b-000b6a4d90f4
,,,,ddc6e10b-53de-11e4-9f4b-000b6a4d90f4
,,,,ddc7740f-53de-11e4-9f4b-000b6a4d90f4
,,,,ddc7e98c-53de-11e4-9f4b-000b6a4d90f4
,,,,ddc85f59-53de-11e4-9f4b-000b6a4d90f4
,,,,ddc8e95d-53de-11e4-9f4b-000b6a4d90f4
,,,,ddc95ec3-53de-11e4-9f4b-000b6a4d90f4
,,,,ddc9d410-53de-11e4-9f4b-000b6a4d90f4
,,,,ddca489f-53de-11e4-9f4b-000b6a4d90f4
,,,,ddcabd2b-53de-11e4-9f4b-000b6a4d90f4
,,,,ddcb6214-53de-11e4-9f4b-000b6a4d90f4
,,,,ddcc6c32-53de-11e4-9f4b-000b6a4d90f4
,,,,ddcce1ac-53de-11e4-9f4b-000b6a4d90f4
,,,,ddcd56c9-53de-11e4-9f4b-000b6a4d90f4
,,,,ddcdd6d1-53de-11e4-9f4b-000b6a4d90f4
,,,,ddce5e76-53de-11e4-9f4b-000b6a4d90f4
,,,,ddced3c5-53de-11e4-9f4b-000b6a4d90f4
,,,,ddcf4974-53de-11e4-9f4b-000b6a4d90f4
,,,,ddcfbd8b-53de-11e4-9f4b-000b6a4d90f4
,,,,ddd03239-53de-11e4-9f4b-000b6a4d90f4
,,,,ddd0a97d-53de-11e4-9f4b-000b6a4d90f4
,,,,ddd13414-53de-11e4-9f4b-000b6a4d90f4
,,,,ddd1a92f-53de-11e4-9f4b-000b6a4d90f4
,,,,ddd21e9a-53de-11e4-9f4b-000b6a4d90f4
,,,,ddd2c6b4-53de-11e4-9f4b-000b6a4d90f4
,,,,ddd40642-53de-11e4-9f4b-000b6a4d90f4
,,,,ddd47b8f-53de-11e4-9f4b-000b6a4d90f4
,,,,ddd4ef18-53de-11e4-9f4b-000b6a4d90f4
,,,,ddd56486-53de-11e4-9f4b-000b6a4d90f4
,,,,ddd5ed21-53de-11e4-9f4b-000b6a4d90f4
,,,,ddd69be8-53de-11e4-9f4b-000b6a4d90f4
,,,,ddd71108-53de-11e4-9f4b-000b6a4d90f4
,,,,ddd79644-53de-11e4-9f4b-000b6a4d90f4
,,,,ddd80c8a-53de-11e4-9f4b-000b6a4d90f4
,,,,ddd8829a-53de-11e4-9f4b-000b6a4d90f4
,,,,ddd8f7ac-53de-11e4-9f4b-000b6a4d90f4
,,,,ddd987d5-53de-11e4-9f4b-000b6a4d90f4
,,,,dddb0995-53de-11e4-9f4b-000b6a4d90f4
,,,,dddb7ffa-53de-11e4-9f4b-000b6a4d90f4
,,,,dddbf4a7-53de-11e4-9f4b-000b6a4d90f4
,,,,dddc69fd-53de-11e4-9f4b-000b6a4d90f4
,,,,dddce53c-53de-11e4-9f4b-000b6a4d90f4
,,,,dddd6c1e-53de-11e4-9f4b-000b6a4d90f4
,,,,dddde0e5-53de-11e4-9f4b-000b6a4d90f4
,,,,ddde56c8-53de-11e4-9f4b-000b6a4d90f4
,,,,dddecc53-53de-11e4-9f4b-000b6a4d90f4
,,,,dddf424d-53de-11e4-9f4b-000b6a4d90f4
,,,,dddfc876-53de-11e4-9f4b-000b6a4d90f4
,,,,dde07159-53de-11e4-9f4b-000b6a4d90f4
,,,,dde1327d-53de-11e4-9f4b-000b6a4d90f4
,,,,dde21037-53de-11e4-9f4b-000b6a4d90f4
,,,,dde2b968-53de-11e4-9f4b-000b6a4d90f4
,,,,dde32ff0-53de-11e4-9f4b-000b6a4d90f4
,,,,dde3a5da-53de-11e4-9f4b-000b6a4d90f4
,,,,dde41962-53de-11e4-9f4b-000b6a4d90f4
,,,,dde48e69-53de-11e4-9f4b-000b6a4d90f4
,,,,dde5177c-53de-11e4-9f4b-000b6a4d90f4
,,,,dde58c65-53de-11e4-9f4b-000b6a4d90f4
,,,,dde603f1-53de-11e4-9f4b-000b6a4d90f4
,,,,dde67845-53de-11e4-9f4b-000b6a4d90f4
,,,,dde6ed0f-53de-11e4-9f4b-000b6a4d90f4
,,,,dde761d6-53de-11e4-9f4b-000b6a4d90f4
,,,,dde7ea8d-53de-11e4-9f4b-000b6a4d90f4
,,,,dde898e1-53de-11e4-9f4b-000b6a4d90f4
,,,,ddea2ec4-53de-11e4-9f4b-000b6a4d90f4
,,,,ddeaa7d8-53de-11e4-9f4b-000b6a4d90f4
,,,,ddeb402f-53de-11e4-9f4b-000b6a4d90f4
,,,,ddebd2d7-53de-11e4-9f4b-000b6a4d90f4
,,,,ddece6cd-53de-11e4-9f4b-000b6a4d90f4
,,,,dded5c5d-53de-11e4-9f4b-000b6a4d90f4
,,,,ddede66e-53de-11e4-9f4b-000b6a4d90f4
,,,,ddee5cb1-53de-11e4-9f4b-000b6a4d90f4
,,,,ddef0354-53de-11e4-9f4b-000b6a4d90f4
,,,,ddef78c3-53de-11e4-9f4b-000b6a4d90f4
,,,,ddefee61-53de-11e4-9f4b-000b6a4d90f4
,,,,ddf0638f-53de-11e4-9f4b-000b6a4d90f4
,,,,ddf13656-53de-11e4-9f4b-000b6a4d90f4
,,,,ddf1abf7-53de-11e4-9f4b-000b6a4d90f4
,,,,ddf221a0-53de-11e4-9f4b-000b6a4d90f4
,,,,ddf2ab8a-53de-11e4-9f4b-000b6a4d90f4
,,,,ddf320dd-53de-11e4-9f4b-000b6a4d90f4
,,,,ddf394e6-53de-11e4-9f4b-000b6a4d90f4
,,,,ddf42513-53de-11e4-9f4b-000b6a4d90f4
,,,,ddf49a31-53de-11e4-9f4b-000b6a4d90f4
,,,,ddf51041-53de-11e4-9f4b-000b6a4d90f4
,,,,ddf584bd-53de-11e4-9f4b-000b6a4d90f4
,,,,ddf5fa93-53de-11e4-9f4b-000b6a4d90f4
,,,,ddf66f5c-53de-11e4-9f4b-000b6a4d90f4
,,,,ddf6e448-53de-11e4-9f4b-000b6a4d90f4
,,,,ddf75a9e-53de-11e4-9f4b-000b6a4d90f4
,,,,ddf7ce90-53de-11e4-9f4b-000b6a4d90f4
,,,,ddf8c1c1-53de-11e4-9f4b-000b6a4d90f4
,,,,ddf9373b-53de-11e4-9f4b-000b6a4d90f4
,,,,ddf9ab70-53de-11e4-9f4b-000b6a4d90f4
,,,,ddfa1fb9-53de-11e4-9f4b-000b6a4d90f4
,,,,ddfa95d5-53de-11e4-9f4b-000b6a4d90f4
,,,,ddfb0ae2-53de-11e4-9f4b-000b6a4d90f4
,,,,ddfb80d1-53de-11e4-9f4b-000b6a4d90f4
,,,,ddfbf9b8-53de-11e4-9f4b-000b6a4d90f4
,,,,ddfc6e2d-53de-11e4-9f4b-000b6a4d90f4
,,,,ddfce515-53de-11e4-9f4b-000b6a4d90f4
,,,,ddfd865f-53de-11e4-9f4b-000b6a4d90f4
,,,,ddfe4319-53de-11e4-9f4b-000b6a4d90f4
,,,,ddfebce5-53de-11e4-9f4b-000b6a4d90f4
,,,,ddff543e-53de-11e4-9f4b-000b6a4d90f4
,,,,de002687-53de-11e4-9f4b-000b6a4d90f4
,,,,de009b4e-53de-11e4-9f4b-000b6a4d90f4
,,,,de01103c-53de-11e4-9f4b-000b6a4d90f4
,,,,de01a532-53de-11e4-9f4b-000b6a4d90f4
,,,,de022af9-53de-11e4-9f4b-000b6a4d90f4
,,,,de029f4d-53de-11e4-9f4b-000b6a4d90f4
,,,,de0313be-53de-11e4-9f4b-000b6a4d90f4
,,,,de0388b4-53de-11e4-9f4b-000b6a4d90f4
,,,,de03fed2-53de-11e4-9f4b-000b6a4d90f4
,,,,de047401-53de-11e4-9f4b-000b6a4d90f4
,,,,de04e9aa-53de-11e4-9f4b-000b6a4d90f4
,,,,de055ed0-53de-11e4-9f4b-000b6a4d90f4
,,,,de05d340-53de-11e4-9f4b-000b6a4d90f4
,,,,de066838-53de-11e4-9f4b-000b6a4d90f4
,,,,de06fc99-53de-11e4-9f4b-000b6a4d90f4
,,,,de0775e5-53de-11e4-9f4b-000b6a4d90f4
,,,,de07eb21-53de-11e4-9f4b-000b6a4d90f4
,,,,de0861d1-53de-11e4-9f4b-000b6a4d90f4
,,,,de08d6ca-53de-11e4-9f4b-000b6a4d90f4
,,,,de094da6-53de-11e4-9f4b-000b6a4d90f4
,,,,de09c339-53de-11e4-9f4b-000b6a4d90f4
,,,,de0a3856-53de-11e4-9f4b-000b6a4d90f4
,,,,de0aae67-53de-11e4-9f4b-000b6a4d90f4
,,,,de0b2786-53de-11e4-9f4b-000b6a4d90f4
,,,,de0b9b86-53de-11e4-9f4b-000b6a4d90f4
,,,,de0c0ff1-53de-11e4-9f4b-000b6a4d90f4
,,,,de0c846f-53de-11e4-9f4b-000b6a4d90f4
,,,,de0cf9d0-53de-11e4-9f4b-000b6a4d90f4
,,,,de0d8573-53de-11e4-9f4b-000b6a4d90f4
,,,,de0dfa6c-53de-11e4-9f4b-000b6a4d90f4
,,,,de0e6ef3-53de-11e4-9f4b-000b6a4d90f4
,,,,de0ee456-53de-11e4-9f4b-000b6a4d90f4
,,,,de0f5a08-53de-11e4-9f4b-000b6a4d90f4
,,,,de0fcd90-53de-11e4-9f4b-000b6a4d90f4
,,,,de1042f3-53de-11e4-9f4b-000b6a4d90f4
,,,,de10b7c5-53de-11e4-9f4b-000b6a4d90f4
,,,,de112e70-53de-11e4-9f4b-000b6a4d90f4
,,,,de11a475-53de-11e4-9f4b-000b6a4d90f4
,,,,de121912-53de-11e4-9f4b-000b6a4d90f4
,,,,de128dde-53de-11e4-9f4b-000b6a4d90f4
,,,,de13030d-53de-11e4-9f4b-000b6a4d90f4
,,,,de1377d6-53de-11e4-9f4b-000b6a4d90f4
,,,,de1406b8-53de-11e4-9f4b-000b6a4d90f4
,,,,de149640-53de-11e4-9f4b-000b6a4d90f4
,,,,de150b7d-53de-11e4-9f4b-000b6a4d90f4
,,,,de158089-53de-11e4-9f4b-000b6a4d90f4
,,,,de15f5c8-53de-11e4-9f4b-000b6a4d90f4
,,,,de16698e-53de-11e4-9f4b-000b6a4d90f4
,,,,de16def7-53de-11e4-9f4b-000b6a4d90f4
,,,,de17551b-53de-11e4-9f4b-000b6a4d90f4
,,,,de17ca98-53de-11e4-9f4b-000b6a4d90f4
,,,,de18400e-53de-11e4-9f4b-000b6a4d90f4
,,,,de18b42b-53de-11e4-9f4b-000b6a4d90f4
,,,,de1928d6-53de-11e4-9f4b-000b6a4d90f4
,,,,de199df0-53de-11e4-9f4b-000b6a4d90f4
,,,,de1a1296-53de-11e4-9f4b-000b6a4d90f4
,,,,de1a8cc9-53de-11e4-9f4b-000b6a4d90f4
,,,,de1b019e-53de-11e4-9f4b-000b6a4d90f4
,,,,de1b769f-53de-11e4-9f4b-000b6a4d90f4
,,,,de1bebc8-53de-11e4-9f4b-000b6a4d90f4
,,,,de1c6089-53de-11e4-9f4b-000b6a4d90f4
,,,,de1cd4b9-53de-11e4-9f4b-000b6a4d90f4
,,,,de1d53d0-53de-11e4-9f4b-000b6a4d90f4
,,,,de1dc870-53de-11e4-9f4b-000b6a4d90f4
,,,,de1e3e57-53de-11e4-9f4b-000b6a4d90f4
,,,,de1ec854-53de-11e4-9f4b-000b6a4d90f4
,,,,de1fe176-53de-11e4-9f4b-000b6a4d90f4
,,,,de2056df-53de-11e4-9f4b-000b6a4d90f4
,,,,de20cc8e-53de-11e4-9f4b-000b6a4d90f4
,,,,de2140f0-53de-11e4-9f4b-000b6a4d90f4
,,,,de21b6a5-53de-11e4-9f4b-000b6a4d90f4
,,,,de222bbc-53de-11e4-9f4b-000b6a4d90f4
,,,,de22a0a2-53de-11e4-9f4b-000b6a4d90f4
,,,,de231659-53de-11e4-9f4b-000b6a4d90f4
,,,,de238b1d-53de-11e4-9f4b-000b6a4d90f4
,,,,de24008c-53de-11e4-9f4b-000b6a4d90f4
,,,,de24762d-53de-11e4-9f4b-000b6a4d90f4
,,,,de24ea76-53de-11e4-9f4b-000b6a4d90f4
,,,,de255fcb-53de-11e4-9f4b-000b6a4d90f4
,,,,de25d3e2-53de-11e4-9f4b-000b6a4d90f4
,,,,de264a11-53de-11e4-9f4b-000b6a4d90f4
,,,,de26beb6-53de-11e4-9f4b-000b6a4d90f4
,,,,de27496d-53de-11e4-9f4b-000b6a4d90f4
,,,,de27bd14-53de-11e4-9f4b-000b6a4d90f4
,,,,de28f81b-53de-11e4-9f4b-000b6a4d90f4
,,,,de296d94-53de-11e4-9f4b-000b6a4d90f4
,,,,de29e8be-53de-11e4-9f4b-000b6a4d90f4
,,,,de2a5e42-53de-11e4-9f4b-000b6a4d90f4
,,,,de2ad4a4-53de-11e4-9f4b-000b6a4d90f4
,,,,de2b497e-53de-11e4-9f4b-000b6a4d90f4
,,,,de2bbeed-53de-11e4-9f4b-000b6a4d90f4
,,,,de2c48c1-53de-11e4-9f4b-000b6a4d90f4
,,,,de2cd522-53de-11e4-9f4b-000b6a4d90f4
,,,,de2d4a6c-53de-11e4-9f4b-000b6a4d90f4
,,,,de2de453-53de-11e4-9f4b-000b6a4d90f4
,,,,de2e6cfc-53de-11e4-9f4b-000b6a4d90f4
,,,,de2f0e22-53de-11e4-9f4b-000b6a4d90f4
,,,,de2f9a5c-53de-11e4-9f4b-000b6a4d90f4
,,,,de300f7d-53de-11e4-9f4b-000b6a4d90f4
,,,,de31b78e-53de-11e4-9f4b-000b6a4d90f4
,,,,de342671-53de-11e4-9f4b-000b6a4d90f4
,,,,de34edf2-53de-11e4-9f4b-000b6a4d90f4
,,,,de35638d-53de-11e4-9f4b-000b6a4d90f4
,,,,de35d8f4-53de-11e4-9f4b-000b6a4d90f4
,,,,de366af1-53de-11e4-9f4b-000b6a4d90f4
,,,,de36e089-53de-11e4-9f4b-000b6a4d90f4
,,,,de3754e3-53de-11e4-9f4b-000b6a4d90f4
,,,,de37ca36-53de-11e4-9f4b-000b6a4d90f4
,,,,de383fc6-53de-11e4-9f4b-000b6a4d90f4
,,,,de38b510-53de-11e4-9f4b-000b6a4d90f4
,,,,de392e53-53de-11e4-9f4b-000b6a4d90f4
,,,,de39d4ee-53de-11e4-9f4b-000b6a4d90f4
,,,,de3a4a49-53de-11e4-9f4b-000b6a4d90f4
,,,,de3abf12-53de-11e4-9f4b-000b6a4d90f4
,,,,de3b3486-53de-11e4-9f4b-000b6a4d90f4
,,,,de3baede-53de-11e4-9f4b-000b6a4d90f4
,,,,de3c382c-53de-11e4-9f4b-000b6a4d90f4
,,,,de3cc376-53de-11e4-9f4b-000b6a4d90f4
,,,,de3d3919-53de-11e4-9f4b-000b6a4d90f4
,,,,de3dac46-53de-11e4-9f4b-000b6a4d90f4
,,,,de3e2104-53de-11e4-9f4b-000b6a4d90f4
,,,,de3eb3a1-53de-11e4-9f4b-000b6a4d90f4
,,,,de3f5db9-53de-11e4-9f4b-000b6a4d90f4
,,,,de3fd0d8-53de-11e4-9f4b-000b6a4d90f4
,,,,de4045bd-53de-11e4-9f4b-000b6a4d90f4
,,,,de40bb1e-53de-11e4-9f4b-000b6a4d90f4
,,,,de412fd7-53de-11e4-9f4b-000b6a4d90f4
,,,,de41a45d-53de-11e4-9f4b-000b6a4d90f4
,,,,de4219d4-53de-11e4-9f4b-000b6a4d90f4
,,,,de428eb1-53de-11e4-9f4b-000b6a4d90f4
,,,,de4322b6-53de-11e4-9f4b-000b6a4d90f4
,,,,de43989d-53de-11e4-9f4b-000b6a4d90f4
,,,,de440d34-53de-11e4-9f4b-000b6a4d90f4
,,,,de4481a5-53de-11e4-9f4b-000b6a4d90f4
,,,,de44f5be-53de-11e4-9f4b-000b6a4d90f4
,,,,de456b00-53de-11e4-9f4b-000b6a4d90f4
,,,,de45e002-53de-11e4-9f4b-000b6a4d90f4
,,,,de4653e6-53de-11e4-9f4b-000b6a4d90f4
,,,,de46ed6e-53de-11e4-9f4b-000b6a4d90f4
,,,,de476368-53de-11e4-9f4b-000b6a4d90f4
,,,,de47d880-53de-11e4-9f4b-000b6a4d90f4
,,,,de485374-53de-11e4-9f4b-000b6a4d90f4
,,,,de490265-53de-11e4-9f4b-000b6a4d90f4
,,,,de499dc5-53de-11e4-9f4b-000b6a4d90f4
,,,,de4a128c-53de-11e4-9f4b-000b6a4d90f4
,,,,de4a86e3-53de-11e4-9f4b-000b6a4d90f4
,,,,de4afc09-53de-11e4-9f4b-000b6a4d90f4
,,,,de4b7a83-53de-11e4-9f4b-000b6a4d90f4
,,,,de4bef71-53de-11e4-9f4b-000b6a4d90f4
,,,,de4c64b9-53de-11e4-9f4b-000b6a4d90f4
,,,,de4cd8a9-53de-11e4-9f4b-000b6a4d90f4
,,,,de4d4db5-53de-11e4-9f4b-000b6a4d90f4
,,,,de4dc1b9-53de-11e4-9f4b-000b6a4d90f4
,,,,de4e3879-53de-11e4-9f4b-000b6a4d90f4
,,,,de4eae11-53de-11e4-9f4b-000b6a4d90f4
,,,,de4f351a-53de-11e4-9f4b-000b6a4d90f4
,,,,de4faac0-53de-11e4-9f4b-000b6a4d90f4
,,,,de501f82-53de-11e4-9f4b-000b6a4d90f4
,,,,de5094bb-53de-11e4-9f4b-000b6a4d90f4
,,,,de510958-53de-11e4-9f4b-000b6a4d90f4
,,,,de517e6a-53de-11e4-9f4b-000b6a4d90f4
,,,,de51f374-53de-11e4-9f4b-000b6a4d90f4
,,,,de526857-53de-11e4-9f4b-000b6a4d90f4
,,,,de52ddaa-53de-11e4-9f4b-000b6a4d90f4
,,,,de5351a2-53de-11e4-9f4b-000b6a4d90f4
,,,,de53dcff-53de-11e4-9f4b-000b6a4d90f4
,,,,de54535b-53de-11e4-9f4b-000b6a4d90f4
,,,,de54c868-53de-11e4-9f4b-000b6a4d90f4
,,,,de55629d-53de-11e4-9f4b-000b6a4d90f4
,,,,de5671b2-53de-11e4-9f4b-000b6a4d90f4
,,,,de56fef9-53de-11e4-9f4b-000b6a4d90f4
,,,,de5778c2-53de-11e4-9f4b-000b6a4d90f4
,,,,de57ec9e-53de-11e4-9f4b-000b6a4d90f4
,,,,de5861a0-53de-11e4-9f4b-000b6a4d90f4
,,,,de58ec4b-53de-11e4-9f4b-000b6a4d90f4
,,,,de59aef4-53de-11e4-9f4b-000b6a4d90f4
,,,,de5a382b-53de-11e4-9f4b-000b6a4d90f4
,,,,de5ac218-53de-11e4-9f4b-000b6a4d90f4
,,,,de5b8468-53de-11e4-9f4b-000b6a4d90f4
,,,,de5c1fbd-53de-11e4-9f4b-000b6a4d90f4
,,,,de5cbb7e-53de-11e4-9f4b-000b6a4d90f4
,,,,de5d8130-53de-11e4-9f4b-000b6a4d90f4
,,,,de5e1d97-53de-11e4-9f4b-000b6a4d90f4
,,,,de5ebc45-53de-11e4-9f4b-000b6a4d90f4
,,,,de5f5b45-53de-11e4-9f4b-000b6a4d90f4
,,,,de5fcfc9-53de-11e4-9f4b-000b6a4d90f4
,,,,de6044ca-53de-11e4-9f4b-000b6a4d90f4
,,,,de60ba3e-53de-11e4-9f4b-000b6a4d90f4
,,,,de6155bd-53de-11e4-9f4b-000b6a4d90f4
,,,,de61cb93-53de-11e4-9f4b-000b6a4d90f4
,,,,de623fd6-53de-11e4-9f4b-000b6a4d90f4
,,,,de62b2ba-53de-11e4-9f4b-000b6a4d90f4
,,,,de632801-53de-11e4-9f4b-000b6a4d90f4
,,,,de63c67e-53de-11e4-9f4b-000b6a4d90f4
,,,,de643bf2-53de-11e4-9f4b-000b6a4d90f4
,,,,de64c4e0-53de-11e4-9f4b-000b6a4d90f4
,,,,de653aab-53de-11e4-9f4b-000b6a4d90f4
,,,,de65af21-53de-11e4-9f4b-000b6a4d90f4
,,,,de6624d0-53de-11e4-9f4b-000b6a4d90f4
,,,,de66a2a5-53de-11e4-9f4b-000b6a4d90f4
,,,,de672aef-53de-11e4-9f4b-000b6a4d90f4
,,,,de67b6db-53de-11e4-9f4b-000b6a4d90f4
,,,,de683ebb-53de-11e4-9f4b-000b6a4d90f4
,,,,de68c9fa-53de-11e4-9f4b-000b6a4d90f4
,,,,de693e03-53de-11e4-9f4b-000b6a4d90f4
,,,,de69b320-53de-11e4-9f4b-000b6a4d90f4
,,,,de6a27fb-53de-11e4-9f4b-000b6a4d90f4
,,,,de6a9d45-53de-11e4-9f4b-000b6a4d90f4
,,,,de6b1225-53de-11e4-9f4b-000b6a4d90f4
,,,,de6b864d-53de-11e4-9f4b-000b6a4d90f4
,,,,de6bfbb3-53de-11e4-9f4b-000b6a4d90f4
,,,,de6c848b-53de-11e4-9f4b-000b6a4d90f4
,,,,de6d1c94-53de-11e4-9f4b-000b6a4d90f4
,,,,de6da3be-53de-11e4-9f4b-000b6a4d90f4
,,,,de6e2e74-53de-11e4-9f4b-000b6a4d90f4
,,,,de6ebb03-53de-11e4-9f4b-000b6a4d90f4
,,,,de6f443a-53de-11e4-9f4b-000b6a4d90f4
,,,,de6fce3d-53de-11e4-9f4b-000b6a4d90f4
,,,,de70436c-53de-11e4-9f4b-000b6a4d90f4
,,,,de70b96e-53de-11e4-9f4b-000b6a4d90f4
,,,,de712eb8-53de-11e4-9f4b-000b6a4d90f4
,,,,de71a342-53de-11e4-9f4b-000b6a4d90f4
,,,,de7229bf-53de-11e4-9f4b-000b6a4d90f4
,,,,de729f25-53de-11e4-9f4b-000b6a4d90f4
,,,,de732c2e-53de-11e4-9f4b-000b6a4d90f4
,,,,de73e8d9-53de-11e4-9f4b-000b6a4d90f4
,,,,de745e59-53de-11e4-9f4b-000b6a4d90f4
,,,,de74eee3-53de-11e4-9f4b-000b6a4d90f4
,,,,de7564d4-53de-11e4-9f4b-000b6a4d90f4
,,,,de76307e-53de-11e4-9f4b-000b6a4d90f4
,,,,de76cf3d-53de-11e4-9f4b-000b6a4d90f4
,,,,de7759a0-53de-11e4-9f4b-000b6a4d90f4
,,,,de784057-53de-11e4-9f4b-000b6a4d90f4
,,,,de78ed9a-53de-11e4-9f4b-000b6a4d90f4
,,,,de798d4f-53de-11e4-9f4b-000b6a4d90f4
,,,,de7a612b-53de-11e4-9f4b-000b6a4d90f4
,,,,de7b02dc-53de-11e4-9f4b-000b6a4d90f4
,,,,de7ba23e-53de-11e4-9f4b-000b6a4d90f4
,,,,de7c7322-53de-11e4-9f4b-000b6a4d90f4
,,,,de7cebc0-53de-11e4-9f4b-000b6a4d90f4
,,,,de7d61ce-53de-11e4-9f4b-000b6a4d90f4
,,,,de7dd79e-53de-11e4-9f4b-000b6a4d90f4
,,,,de7e60f4-53de-11e4-9f4b-000b6a4d90f4
,,,,de7f000d-53de-11e4-9f4b-000b6a4d90f4
,,,,de7f9e49-53de-11e4-9f4b-000b6a4d90f4
,,,,de801329-53de-11e4-9f4b-000b6a4d90f4
,,,,de808822-53de-11e4-9f4b-000b6a4d90f4
,,,,de811066-53de-11e4-9f4b-000b6a4d90f4
,,,,de81d413-53de-11e4-9f4b-000b6a4d90f4
,,,,de82498d-53de-11e4-9f4b-000b6a4d90f4
,,,,de82db42-53de-11e4-9f4b-000b6a4d90f4
,,,,de834f42-53de-11e4-9f4b-000b6a4d90f4
,,,,de83e246-53de-11e4-9f4b-000b6a4d90f4
,,,,de8457d9-53de-11e4-9f4b-000b6a4d90f4
,,,,de84cd82-53de-11e4-9f4b-000b6a4d90f4
,,,,de85f05b-53de-11e4-9f4b-000b6a4d90f4
,,,,de8677b4-53de-11e4-9f4b-000b6a4d90f4
,,,,de870398-53de-11e4-9f4b-000b6a4d90f4
,,,,de8778b3-53de-11e4-9f4b-000b6a4d90f4
,,,,de87ecee-53de-11e4-9f4b-000b6a4d90f4
,,,,de88619e-53de-11e4-9f4b-000b6a4d90f4
,,,,de88d82d-53de-11e4-9f4b-000b6a4d90f4
,,,,de894d88-53de-11e4-9f4b-000b6a4d90f4
,,,,de89d65a-53de-11e4-9f4b-000b6a4d90f4
,,,,de8a4a8a-53de-11e4-9f4b-000b6a4d90f4
,,,,de8ac2e8-53de-11e4-9f4b-000b6a4d90f4
,,,,de8b38fc-53de-11e4-9f4b-000b6a4d90f4
,,,,de8bc55a-53de-11e4-9f4b-000b6a4d90f4
,,,,de8ce488-53de-11e4-9f4b-000b6a4d90f4
,,,,de8d59ae-53de-11e4-9f4b-000b6a4d90f4
,,,,de8dce10-53de-11e4-9f4b-000b6a4d90f4
,,,,de8e4188-53de-11e4-9f4b-000b6a4d90f4
,,,,de8eb68f-53de-11e4-9f4b-000b6a4d90f4
,,,,de8f4105-53de-11e4-9f4b-000b6a4d90f4
,,,,de8fc777-53de-11e4-9f4b-000b6a4d90f4
,,,,de903c51-53de-11e4-9f4b-000b6a4d90f4
,,,,de90b14a-53de-11e4-9f4b-000b6a4d90f4
,,,,de91759c-53de-11e4-9f4b-000b6a4d90f4
,,,,de922813-53de-11e4-9f4b-000b6a4d90f4
,,,,de929d1a-53de-11e4-9f4b-000b6a4d90f4
,,,,de9311de-53de-11e4-9f4b-000b6a4d90f4
,,,,de938771-53de-11e4-9f4b-000b6a4d90f4
,,,,de941030-53de-11e4-9f4b-000b6a4d90f4
,,,,de948660-53de-11e4-9f4b-000b6a4d90f4
,,,,de9501d2-53de-11e4-9f4b-000b6a4d90f4
,,,,de9577aa-53de-11e4-9f4b-000b6a4d90f4
,,,,de95ed43-53de-11e4-9f4b-000b6a4d90f4
,,,,de9661df-53de-11e4-9f4b-000b6a4d90f4
,,,,de96e987-53de-11e4-9f4b-000b6a4d90f4
,,,,de975ef0-53de-11e4-9f4b-000b6a4d90f4
,,,,de97d615-53de-11e4-9f4b-000b6a4d90f4
,,,,de986f39-53de-11e4-9f4b-000b6a4d90f4
,,,,de98e41b-53de-11e4-9f4b-000b6a4d90f4
,,,,de9957f8-53de-11e4-9f4b-000b6a4d90f4
,,,,de99cd1b-53de-11e4-9f4b-000b6a4d90f4
,,,,de9a426d-53de-11e4-9f4b-000b6a4d90f4
,,,,de9ab777-53de-11e4-9f4b-000b6a4d90f4
,,,,de9b2d6c-53de-11e4-9f4b-000b6a4d90f4
,,,,de9ba185-53de-11e4-9f4b-000b6a4d90f4
,,,,de9c1630-53de-11e4-9f4b-000b6a4d90f4
,,,,de9c8c38-53de-11e4-9f4b-000b6a4d90f4
,,,,de9d0159-53de-11e4-9f4b-000b6a4d90f4
,,,,de9d74fa-53de-11e4-9f4b-000b6a4d90f4
,,,,de9dec1d-53de-11e4-9f4b-000b6a4d90f4
,,,,de9e7692-53de-11e4-9f4b-000b6a4d90f4
,,,,de9eec25-53de-11e4-9f4b-000b6a4d90f4
,,,,de9f61c9-53de-11e4-9f4b-000b6a4d90f4
,,,,de9fd61a-53de-11e4-9f4b-000b6a4d90f4
,,,,dea04a9e-53de-11e4-9f4b-000b6a4d90f4
,,,,dea0bf38-53de-11e4-9f4b-000b6a4d90f4
,,,,dea13499-53de-11e4-9f4b-000b6a4d90f4
,,,,dea1a903-53de-11e4-9f4b-000b6a4d90f4
,,,,dea21e13-53de-11e4-9f4b-000b6a4d90f4
,,,,dea292a2-53de-11e4-9f4b-000b6a4d90f4
,,,,dea30782-53de-11e4-9f4b-000b6a4d90f4
,,,,dea37ec0-53de-11e4-9f4b-000b6a4d90f4
,,,,dea3f631-53de-11e4-9f4b-000b6a4d90f4
,,,,dea46bb5-53de-11e4-9f4b-000b6a4d90f4
,,,,dea4e0f2-53de-11e4-9f4b-000b6a4d90f4
,,,,dea5567f-53de-11e4-9f4b-000b6a4d90f4
,,,,dea5cb24-53de-11e4-9f4b-000b6a4d90f4
,,,,dea63f65-53de-11e4-9f4b-000b6a4d90f4
,,,,dea6b573-53de-11e4-9f4b-000b6a4d90f4
,,,,dea729a5-53de-11e4-9f4b-000b6a4d90f4
,,,,dea79efe-53de-11e4-9f4b-000b6a4d90f4
,,,,dea814ba-53de-11e4-9f4b-000b6a4d90f4
,,,,dea887cb-53de-11e4-9f4b-000b6a4d90f4
,,,,dea8fdca-53de-11e4-9f4b-000b6a4d90f4
,,,,dea972ed-53de-11e4-9f4b-000b6a4d90f4
,,,,dea9e760-53de-11e4-9f4b-000b6a4d90f4
,,,,deaa5dae-53de-11e4-9f4b-000b6a4d90f4
,,,,deab076e-53de-11e4-9f4b-000b6a4d90f4
,,,,deab7d2d-53de-11e4-9f4b-000b6a4d90f4
,,,,deabf22c-53de-11e4-9f4b-000b6a4d90f4
,,,,deac6807-53de-11e4-9f4b-000b6a4d90f4
,,,,deacdbc5-53de-11e4-9f4b-000b6a4d90f4
,,,,dead50da-53de-11e4-9f4b-000b6a4d90f4
,,,,deadc699-53de-11e4-9f4b-000b6a4d90f4
,,,,deae3bd6-53de-11e4-9f4b-000b6a4d90f4
,,,,deaeb16b-53de-11e4-9f4b-000b6a4d90f4
,,,,deaf4c64-53de-11e4-9f4b-000b6a4d90f4
,,,,deafc3da-53de-11e4-9f4b-000b6a4d90f4
,,,,deb03a6b-53de-11e4-9f4b-000b6a4d90f4
,,,,deb0c3d2-53de-11e4-9f4b-000b6a4d90f4
,,,,deb13701-53de-11e4-9f4b-000b6a4d90f4
,,,,deb1abfa-53de-11e4-9f4b-000b6a4d90f4
,,,,deb221d0-53de-11e4-9f4b-000b6a4d90f4
,,,,deb29605-53de-11e4-9f4b-000b6a4d90f4
,,,,deb30b3f-53de-11e4-9f4b-000b6a4d90f4
,,,,deb381ff-53de-11e4-9f4b-000b6a4d90f4
,,,,deb3f69c-53de-11e4-9f4b-000b6a4d90f4
,,,,deb46c43-53de-11e4-9f4b-000b6a4d90f4
,,,,deb4e09c-53de-11e4-9f4b-000b6a4d90f4
,,,,deb55542-53de-11e4-9f4b-000b6a4d90f4
,,,,deb5c9d4-53de-11e4-9f4b-000b6a4d90f4
,,,,deb6489f-53de-11e4-9f4b-000b6a4d90f4
,,,,deb6be78-53de-11e4-9f4b-000b6a4d90f4
,,,,deb73355-53de-11e4-9f4b-000b6a4d90f4
,,,,deb7a67e-53de-11e4-9f4b-000b6a4d90f4
,,,,deb81bd1-53de-11e4-9f4b-000b6a4d90f4
,,,,deb8905a-53de-11e4-9f4b-000b6a4d90f4
,,,,deb9065a-53de-11e4-9f4b-000b6a4d90f4
,,,,deb97ad3-53de-11e4-9f4b-000b6a4d90f4
,,,,deb9ee9b-53de-11e4-9f4b-000b6a4d90f4
,,,,deba6654-53de-11e4-9f4b-000b6a4d90f4
,,,,debadae6-53de-11e4-9f4b-000b6a4d90f4
,,,,debb505a-53de-11e4-9f4b-000b6a4d90f4
,,,,debbc508-53de-11e4-9f4b-000b6a4d90f4
,,,,debc3823-53de-11e4-9f4b-000b6a4d90f4
,,,,debcaed0-53de-11e4-9f4b-000b6a4d90f4
,,,,debd2436-53de-11e4-9f4b-000b6a4d90f4
,,,,debd99b0-53de-11e4-9f4b-000b6a4d90f4
,,,,debe23cd-53de-11e4-9f4b-000b6a4d90f4
,,,,debeade3-53de-11e4-9f4b-000b6a4d90f4
,,,,debfccd1-53de-11e4-9f4b-000b6a4d90f4
,,,,dec0421b-53de-11e4-9f4b-000b6a4d90f4
,,,,dec0b648-53de-11e4-9f4b-000b6a4d90f4
,,,,dec12c8b-53de-11e4-9f4b-000b6a4d90f4
,,,,dec1e32b-53de-11e4-9f4b-000b6a4d90f4
,,,,dec2c6f8-53de-11e4-9f4b-000b6a4d90f4
,,,,dec33c34-53de-11e4-9f4b-000b6a4d90f4
,,,,dec3b165-53de-11e4-9f4b-000b6a4d90f4
,,,,dec425b1-53de-11e4-9f4b-000b6a4d90f4
,,,,dec49a3b-53de-11e4-9f4b-000b6a4d90f4
,,,,dec50e6b-53de-11e4-9f4b-000b6a4d90f4
,,,,dec583df-53de-11e4-9f4b-000b6a4d90f4
,,,,dec5f8b1-53de-11e4-9f4b-000b6a4d90f4
,,,,dec686a2-53de-11e4-9f4b-000b6a4d90f4
,,,,dec6fb1b-53de-11e4-9f4b-000b6a4d90f4
,,,,dec76f61-53de-11e4-9f4b-000b6a4d90f4
,,,,dec7e534-53de-11e4-9f4b-000b6a4d90f4
,,,,dec85a73-53de-11e4-9f4b-000b6a4d90f4
,,,,dec8d0fc-53de-11e4-9f4b-000b6a4d90f4
,,,,dec9456f-53de-11e4-9f4b-000b6a4d90f4
,,,,dec9d878-53de-11e4-9f4b-000b6a4d90f4
,,,,deca4ec9-53de-11e4-9f4b-000b6a4d90f4
,,,,decae283-53de-11e4-9f4b-000b6a4d90f4
,,,,decb5689-53de-11e4-9f4b-000b6a4d90f4
,,,,decbcbba-53de-11e4-9f4b-000b6a4d90f4
,,,,decc407b-53de-11e4-9f4b-000b6a4d90f4
,,,,decdff66-53de-11e4-9f4b-000b6a4d90f4
,,,,dece752e-53de-11e4-9f4b-000b6a4d90f4
,,,,decf0c1a-53de-11e4-9f4b-000b6a4d90f4
,,,,decf8090-53de-11e4-9f4b-000b6a4d90f4
,,,,decff703-53de-11e4-9f4b-000b6a4d90f4
,,,,ded06c66-53de-11e4-9f4b-000b6a4d90f4
,,,,ded0e100-53de-11e4-9f4b-000b6a4d90f4
,,,,ded1571e-53de-11e4-9f4b-000b6a4d90f4
,,,,ded1d019-53de-11e4-9f4b-000b6a4d90f4
,,,,ded25a06-53de-11e4-9f4b-000b6a4d90f4
,,,,ded2cee6-53de-11e4-9f4b-000b6a4d90f4
,,,,ded343f0-53de-11e4-9f4b-000b6a4d90f4
,,,,ded3b855-53de-11e4-9f4b-000b6a4d90f4
,,,,ded42c55-53de-11e4-9f4b-000b6a4d90f4
,,,,ded4d985-53de-11e4-9f4b-000b6a4d90f4
