group,Крупы,,,,1
Крупа гречневая,326,100,,c0b1111b-52f4-11e4-aaab-000b6a4d90f4
Крупа кукурузная ,325,100,,c0b2d21f-52f4-11e4-aaab-000b6a4d90f4
Крупа рисовая (белая),323,100,,c0b3a6a3-52f4-11e4-aaab-000b6a4d90f4
Крупа рисовая (нешлифованный),331,100,,c0b489ce-52f4-11e4-aaab-000b6a4d90f4
Крупа ячменная,324,100,,c0b5a107-52f4-11e4-aaab-000b6a4d90f4
Крупа овсяная,345,100,,c0b61394-52f4-11e4-aaab-000b6a4d90f4
,,,,c0b7e438-52f4-11e4-aaab-000b6a4d90f4
,,,,c0b95069-52f4-11e4-aaab-000b6a4d90f4
,,,,c0b9d95a-52f4-11e4-aaab-000b6a4d90f4
,,,,c0ba6116-52f4-11e4-aaab-000b6a4d90f4
,,,,c0bad36e-52f4-11e4-aaab-000b6a4d90f4
,,,,c0bb9444-52f4-11e4-aaab-000b6a4d90f4
,,,,c0bc07ae-52f4-11e4-aaab-000b6a4d90f4
,,,,c0bcf872-52f4-11e4-aaab-000b6a4d90f4
,,,,c0bdb234-52f4-11e4-aaab-000b6a4d90f4
,,,,c0c02691-52f4-11e4-aaab-000b6a4d90f4
,,,,c0c18ce8-52f4-11e4-aaab-000b6a4d90f4
,,,,c0c2f3d3-52f4-11e4-aaab-000b6a4d90f4
,,,,c0c39b88-52f4-11e4-aaab-000b6a4d90f4
,,,,c0c422cb-52f4-11e4-aaab-000b6a4d90f4
,,,,c0c77f2a-52f4-11e4-aaab-000b6a4d90f4
,,,,c0c83405-52f4-11e4-aaab-000b6a4d90f4
,,,,c0c9b810-52f4-11e4-aaab-000b6a4d90f4
,,,,c0ca3f11-52f4-11e4-aaab-000b6a4d90f4
,,,,c0cab0be-52f4-11e4-aaab-000b6a4d90f4
,,,,c0cb5a88-52f4-11e4-aaab-000b6a4d90f4
,,,,c0cca172-52f4-11e4-aaab-000b6a4d90f4
,,,,c0cedde2-52f4-11e4-aaab-000b6a4d90f4
,,,,c0cf6440-52f4-11e4-aaab-000b6a4d90f4
,,,,c0cfd68f-52f4-11e4-aaab-000b6a4d90f4
,,,,c0d048a4-52f4-11e4-aaab-000b6a4d90f4
,,,,c0d0fd42-52f4-11e4-aaab-000b6a4d90f4
,,,,c0d2290d-52f4-11e4-aaab-000b6a4d90f4
,,,,c0d6eeb7-52f4-11e4-aaab-000b6a4d90f4
,,,,c0d762b5-52f4-11e4-aaab-000b6a4d90f4
,,,,c0d81a91-52f4-11e4-aaab-000b6a4d90f4
,,,,c0d92190-52f4-11e4-aaab-000b6a4d90f4
,,,,c0d9f9f0-52f4-11e4-aaab-000b6a4d90f4
,,,,c0dcbdc8-52f4-11e4-aaab-000b6a4d90f4
,,,,c0ddc1cc-52f4-11e4-aaab-000b6a4d90f4
,,,,c0de747e-52f4-11e4-aaab-000b6a4d90f4
,,,,c0e08e7d-52f4-11e4-aaab-000b6a4d90f4
,,,,c0e17359-52f4-11e4-aaab-000b6a4d90f4
,,,,c0e22a50-52f4-11e4-aaab-000b6a4d90f4
,,,,c0e55481-52f4-11e4-aaab-000b6a4d90f4
,,,,c0e63437-52f4-11e4-aaab-000b6a4d90f4
,,,,c0e6a82f-52f4-11e4-aaab-000b6a4d90f4
,,,,c0e71a4f-52f4-11e4-aaab-000b6a4d90f4
,,,,c0e8a86a-52f4-11e4-aaab-000b6a4d90f4
,,,,c0ed0153-52f4-11e4-aaab-000b6a4d90f4
,,,,c0edbff0-52f4-11e4-aaab-000b6a4d90f4
,,,,c0ee3181-52f4-11e4-aaab-000b6a4d90f4
,,,,c0eea44c-52f4-11e4-aaab-000b6a4d90f4
,,,,c0f31b9c-52f4-11e4-aaab-000b6a4d90f4
,,,,c0f43f67-52f4-11e4-aaab-000b6a4d90f4
,,,,c0f6499c-52f4-11e4-aaab-000b6a4d90f4
,,,,c0f9c9cb-52f4-11e4-aaab-000b6a4d90f4
,,,,c0fa9903-52f4-11e4-aaab-000b6a4d90f4
,,,,c0fb6bb1-52f4-11e4-aaab-000b6a4d90f4
,,,,c0fc069c-52f4-11e4-aaab-000b6a4d90f4
,,,,c0fc8b44-52f4-11e4-aaab-000b6a4d90f4
,,,,c0fe61e3-52f4-11e4-aaab-000b6a4d90f4
,,,,c100cf81-52f4-11e4-aaab-000b6a4d90f4
,,,,c1014156-52f4-11e4-aaab-000b6a4d90f4
,,,,c101e41c-52f4-11e4-aaab-000b6a4d90f4
,,,,c1028d20-52f4-11e4-aaab-000b6a4d90f4
,,,,c1062368-52f4-11e4-aaab-000b6a4d90f4
,,,,c107cb31-52f4-11e4-aaab-000b6a4d90f4
,,,,c108952a-52f4-11e4-aaab-000b6a4d90f4
,,,,c109abd5-52f4-11e4-aaab-000b6a4d90f4
,,,,c10a7f8c-52f4-11e4-aaab-000b6a4d90f4
,,,,c10b2220-52f4-11e4-aaab-000b6a4d90f4
,,,,c10bb379-52f4-11e4-aaab-000b6a4d90f4
,,,,c10cab82-52f4-11e4-aaab-000b6a4d90f4
,,,,c10d3143-52f4-11e4-aaab-000b6a4d90f4
,,,,c10dc9b7-52f4-11e4-aaab-000b6a4d90f4
,,,,c10ec0f9-52f4-11e4-aaab-000b6a4d90f4
,,,,c11087fd-52f4-11e4-aaab-000b6a4d90f4
,,,,c1117f2c-52f4-11e4-aaab-000b6a4d90f4
,,,,c111f24b-52f4-11e4-aaab-000b6a4d90f4
,,,,c11264c1-52f4-11e4-aaab-000b6a4d90f4
,,,,c1130cca-52f4-11e4-aaab-000b6a4d90f4
,,,,c113dcb2-52f4-11e4-aaab-000b6a4d90f4
,,,,c1149e74-52f4-11e4-aaab-000b6a4d90f4
,,,,c1170b3b-52f4-11e4-aaab-000b6a4d90f4
,,,,c117e978-52f4-11e4-aaab-000b6a4d90f4
,,,,c118a9bd-52f4-11e4-aaab-000b6a4d90f4
,,,,c1199c25-52f4-11e4-aaab-000b6a4d90f4
,,,,c11a65eb-52f4-11e4-aaab-000b6a4d90f4
,,,,c11b8a8b-52f4-11e4-aaab-000b6a4d90f4
,,,,c11c9286-52f4-11e4-aaab-000b6a4d90f4
,,,,c11f05a4-52f4-11e4-aaab-000b6a4d90f4
,,,,c11fd462-52f4-11e4-aaab-000b6a4d90f4
,,,,c120a0fc-52f4-11e4-aaab-000b6a4d90f4
,,,,c1226418-52f4-11e4-aaab-000b6a4d90f4
,,,,c1239277-52f4-11e4-aaab-000b6a4d90f4
,,,,c124c410-52f4-11e4-aaab-000b6a4d90f4
,,,,c125377c-52f4-11e4-aaab-000b6a4d90f4
,,,,c126322c-52f4-11e4-aaab-000b6a4d90f4
,,,,c126ef26-52f4-11e4-aaab-000b6a4d90f4
,,,,c1280f7c-52f4-11e4-aaab-000b6a4d90f4
,,,,c12892df-52f4-11e4-aaab-000b6a4d90f4
,,,,c1290526-52f4-11e4-aaab-000b6a4d90f4
,,,,c12979c9-52f4-11e4-aaab-000b6a4d90f4
,,,,c12a54c0-52f4-11e4-aaab-000b6a4d90f4
,,,,c12b765c-52f4-11e4-aaab-000b6a4d90f4
,,,,c12be8f7-52f4-11e4-aaab-000b6a4d90f4
,,,,c12e9922-52f4-11e4-aaab-000b6a4d90f4
,,,,c12f31d5-52f4-11e4-aaab-000b6a4d90f4
,,,,c13041d5-52f4-11e4-aaab-000b6a4d90f4
,,,,c130f603-52f4-11e4-aaab-000b6a4d90f4
,,,,c1319df5-52f4-11e4-aaab-000b6a4d90f4
,,,,c1320f7c-52f4-11e4-aaab-000b6a4d90f4
,,,,c13284fe-52f4-11e4-aaab-000b6a4d90f4
,,,,c133ef42-52f4-11e4-aaab-000b6a4d90f4
,,,,c1363717-52f4-11e4-aaab-000b6a4d90f4
,,,,c1374892-52f4-11e4-aaab-000b6a4d90f4
,,,,c137d46e-52f4-11e4-aaab-000b6a4d90f4
,,,,c1387065-52f4-11e4-aaab-000b6a4d90f4
,,,,c138e32c-52f4-11e4-aaab-000b6a4d90f4
,,,,c139c2b3-52f4-11e4-aaab-000b6a4d90f4
,,,,c13abb6c-52f4-11e4-aaab-000b6a4d90f4
,,,,c13ccd44-52f4-11e4-aaab-000b6a4d90f4
,,,,c13d78b4-52f4-11e4-aaab-000b6a4d90f4
,,,,c13deb22-52f4-11e4-aaab-000b6a4d90f4
,,,,c13e5c60-52f4-11e4-aaab-000b6a4d90f4
,,,,c13ecf5a-52f4-11e4-aaab-000b6a4d90f4
,,,,c1401b10-52f4-11e4-aaab-000b6a4d90f4
,,,,c1408d8d-52f4-11e4-aaab-000b6a4d90f4
,,,,c140ff29-52f4-11e4-aaab-000b6a4d90f4
,,,,c14171a8-52f4-11e4-aaab-000b6a4d90f4
,,,,c141e590-52f4-11e4-aaab-000b6a4d90f4
,,,,c1433da6-52f4-11e4-aaab-000b6a4d90f4
,,,,c144c0c7-52f4-11e4-aaab-000b6a4d90f4
,,,,c1456bd8-52f4-11e4-aaab-000b6a4d90f4
,,,,c145de55-52f4-11e4-aaab-000b6a4d90f4
,,,,c1467e20-52f4-11e4-aaab-000b6a4d90f4
,,,,c14713b7-52f4-11e4-aaab-000b6a4d90f4
,,,,c1479894-52f4-11e4-aaab-000b6a4d90f4
,,,,c148c1d2-52f4-11e4-aaab-000b6a4d90f4
,,,,c14cd1ff-52f4-11e4-aaab-000b6a4d90f4
,,,,c14da623-52f4-11e4-aaab-000b6a4d90f4
,,,,c14e17c0-52f4-11e4-aaab-000b6a4d90f4
,,,,c14e877c-52f4-11e4-aaab-000b6a4d90f4
,,,,c14f67a7-52f4-11e4-aaab-000b6a4d90f4
,,,,c152fea5-52f4-11e4-aaab-000b6a4d90f4
,,,,c1536fcd-52f4-11e4-aaab-000b6a4d90f4
,,,,c153e058-52f4-11e4-aaab-000b6a4d90f4
,,,,c154c7b7-52f4-11e4-aaab-000b6a4d90f4
,,,,c1555d48-52f4-11e4-aaab-000b6a4d90f4
,,,,c15616fc-52f4-11e4-aaab-000b6a4d90f4
,,,,c15993c9-52f4-11e4-aaab-000b6a4d90f4
,,,,c15b3692-52f4-11e4-aaab-000b6a4d90f4
,,,,c15ba7f1-52f4-11e4-aaab-000b6a4d90f4
,,,,c15c5529-52f4-11e4-aaab-000b6a4d90f4
,,,,c15ce726-52f4-11e4-aaab-000b6a4d90f4
,,,,c15e8b5d-52f4-11e4-aaab-000b6a4d90f4
,,,,c160722b-52f4-11e4-aaab-000b6a4d90f4
,,,,c1612c60-52f4-11e4-aaab-000b6a4d90f4
,,,,c161a084-52f4-11e4-aaab-000b6a4d90f4
,,,,c1621134-52f4-11e4-aaab-000b6a4d90f4
,,,,c1628239-52f4-11e4-aaab-000b6a4d90f4
,,,,c162f380-52f4-11e4-aaab-000b6a4d90f4
,,,,c1641ae5-52f4-11e4-aaab-000b6a4d90f4
,,,,c1651159-52f4-11e4-aaab-000b6a4d90f4
,,,,c1658288-52f4-11e4-aaab-000b6a4d90f4
,,,,c1685502-52f4-11e4-aaab-000b6a4d90f4
,,,,c1695d48-52f4-11e4-aaab-000b6a4d90f4
,,,,c16a6957-52f4-11e4-aaab-000b6a4d90f4
,,,,c16ada6b-52f4-11e4-aaab-000b6a4d90f4
,,,,c16b973e-52f4-11e4-aaab-000b6a4d90f4
,,,,c16c07c6-52f4-11e4-aaab-000b6a4d90f4
,,,,c16f94bc-52f4-11e4-aaab-000b6a4d90f4
,,,,c1703b65-52f4-11e4-aaab-000b6a4d90f4
,,,,c171c09b-52f4-11e4-aaab-000b6a4d90f4
,,,,c172efaf-52f4-11e4-aaab-000b6a4d90f4
,,,,c173cc78-52f4-11e4-aaab-000b6a4d90f4
,,,,c17608d5-52f4-11e4-aaab-000b6a4d90f4
,,,,c176d842-52f4-11e4-aaab-000b6a4d90f4
,,,,c1784d58-52f4-11e4-aaab-000b6a4d90f4
,,,,c17b6a68-52f4-11e4-aaab-000b6a4d90f4
,,,,c17c81ea-52f4-11e4-aaab-000b6a4d90f4
,,,,c17fdd58-52f4-11e4-aaab-000b6a4d90f4
,,,,c1819523-52f4-11e4-aaab-000b6a4d90f4
,,,,c183bd7b-52f4-11e4-aaab-000b6a4d90f4
,,,,c1842dd1-52f4-11e4-aaab-000b6a4d90f4
,,,,c188a821-52f4-11e4-aaab-000b6a4d90f4
,,,,c18aa8fc-52f4-11e4-aaab-000b6a4d90f4
,,,,c18c0e81-52f4-11e4-aaab-000b6a4d90f4
,,,,c18dd564-52f4-11e4-aaab-000b6a4d90f4
,,,,c19006bb-52f4-11e4-aaab-000b6a4d90f4
,,,,c190a4e0-52f4-11e4-aaab-000b6a4d90f4
,,,,c19115ae-52f4-11e4-aaab-000b6a4d90f4
,,,,c19187ce-52f4-11e4-aaab-000b6a4d90f4
,,,,c195ed8c-52f4-11e4-aaab-000b6a4d90f4
,,,,c1967484-52f4-11e4-aaab-000b6a4d90f4
,,,,c196e4ee-52f4-11e4-aaab-000b6a4d90f4
,,,,c1975655-52f4-11e4-aaab-000b6a4d90f4
,,,,c197d7c2-52f4-11e4-aaab-000b6a4d90f4
,,,,c1997fd3-52f4-11e4-aaab-000b6a4d90f4
,,,,c19a0f0b-52f4-11e4-aaab-000b6a4d90f4
,,,,c19d1f94-52f4-11e4-aaab-000b6a4d90f4
,,,,c19daab2-52f4-11e4-aaab-000b6a4d90f4
,,,,c19e6c95-52f4-11e4-aaab-000b6a4d90f4
,,,,c19f20c8-52f4-11e4-aaab-000b6a4d90f4
,,,,c1a07ac8-52f4-11e4-aaab-000b6a4d90f4
,,,,c1a13037-52f4-11e4-aaab-000b6a4d90f4
,,,,c1a4079d-52f4-11e4-aaab-000b6a4d90f4
,,,,c1a54784-52f4-11e4-aaab-000b6a4d90f4
,,,,c1a6d2b8-52f4-11e4-aaab-000b6a4d90f4
,,,,c1a7afe3-52f4-11e4-aaab-000b6a4d90f4
,,,,c1a84881-52f4-11e4-aaab-000b6a4d90f4
,,,,c1a95f15-52f4-11e4-aaab-000b6a4d90f4
,,,,c1aa473d-52f4-11e4-aaab-000b6a4d90f4
,,,,c1aab8a2-52f4-11e4-aaab-000b6a4d90f4
,,,,c1ac06f7-52f4-11e4-aaab-000b6a4d90f4
,,,,c1ad33fb-52f4-11e4-aaab-000b6a4d90f4
,,,,c1ae1669-52f4-11e4-aaab-000b6a4d90f4
,,,,c1aea9aa-52f4-11e4-aaab-000b6a4d90f4
,,,,c1b11c3d-52f4-11e4-aaab-000b6a4d90f4
,,,,c1b28767-52f4-11e4-aaab-000b6a4d90f4
,,,,c1b50639-52f4-11e4-aaab-000b6a4d90f4
,,,,c1b84db4-52f4-11e4-aaab-000b6a4d90f4
,,,,c1b8d059-52f4-11e4-aaab-000b6a4d90f4
,,,,c1b94119-52f4-11e4-aaab-000b6a4d90f4
,,,,c1bb2374-52f4-11e4-aaab-000b6a4d90f4
,,,,c1bbfe67-52f4-11e4-aaab-000b6a4d90f4
,,,,c1bd6da3-52f4-11e4-aaab-000b6a4d90f4
,,,,c1bf61e0-52f4-11e4-aaab-000b6a4d90f4
,,,,c1bfd337-52f4-11e4-aaab-000b6a4d90f4
,,,,c1c06bd2-52f4-11e4-aaab-000b6a4d90f4
,,,,c1c1f884-52f4-11e4-aaab-000b6a4d90f4
,,,,c1c2924d-52f4-11e4-aaab-000b6a4d90f4
,,,,c1c423b9-52f4-11e4-aaab-000b6a4d90f4
,,,,c1c627ea-52f4-11e4-aaab-000b6a4d90f4
,,,,c1c69952-52f4-11e4-aaab-000b6a4d90f4
,,,,c1c7d6a4-52f4-11e4-aaab-000b6a4d90f4
,,,,c1c941f7-52f4-11e4-aaab-000b6a4d90f4
,,,,c1ca7efe-52f4-11e4-aaab-000b6a4d90f4
,,,,c1ccb384-52f4-11e4-aaab-000b6a4d90f4
,,,,c1cd3a5b-52f4-11e4-aaab-000b6a4d90f4
,,,,c1cec9cd-52f4-11e4-aaab-000b6a4d90f4
,,,,c1d1cefa-52f4-11e4-aaab-000b6a4d90f4
,,,,c1d3c921-52f4-11e4-aaab-000b6a4d90f4
,,,,c1d5142e-52f4-11e4-aaab-000b6a4d90f4
,,,,c1d68df4-52f4-11e4-aaab-000b6a4d90f4
,,,,c1d9d365-52f4-11e4-aaab-000b6a4d90f4
,,,,c1dbad9e-52f4-11e4-aaab-000b6a4d90f4
,,,,c1dd2b58-52f4-11e4-aaab-000b6a4d90f4
,,,,c1df102c-52f4-11e4-aaab-000b6a4d90f4
,,,,c1e3166b-52f4-11e4-aaab-000b6a4d90f4
,,,,c1e4c568-52f4-11e4-aaab-000b6a4d90f4
,,,,c1e70550-52f4-11e4-aaab-000b6a4d90f4
,,,,c1e87f54-52f4-11e4-aaab-000b6a4d90f4
,,,,c1ec610f-52f4-11e4-aaab-000b6a4d90f4
,,,,c1ee3215-52f4-11e4-aaab-000b6a4d90f4
,,,,c1f24633-52f4-11e4-aaab-000b6a4d90f4
,,,,c1f42770-52f4-11e4-aaab-000b6a4d90f4
,,,,c1f548ae-52f4-11e4-aaab-000b6a4d90f4
,,,,c1f644d1-52f4-11e4-aaab-000b6a4d90f4
,,,,c1f8a541-52f4-11e4-aaab-000b6a4d90f4
,,,,c1f9899d-52f4-11e4-aaab-000b6a4d90f4
,,,,c1fa9eda-52f4-11e4-aaab-000b6a4d90f4
,,,,c1fbb005-52f4-11e4-aaab-000b6a4d90f4
,,,,c1fecb69-52f4-11e4-aaab-000b6a4d90f4
,,,,c1ff3bf7-52f4-11e4-aaab-000b6a4d90f4
,,,,c2011d45-52f4-11e4-aaab-000b6a4d90f4
,,,,c202de08-52f4-11e4-aaab-000b6a4d90f4
,,,,c20407d7-52f4-11e4-aaab-000b6a4d90f4
,,,,c2077a94-52f4-11e4-aaab-000b6a4d90f4
,,,,c2093cb2-52f4-11e4-aaab-000b6a4d90f4
,,,,c20a585f-52f4-11e4-aaab-000b6a4d90f4
,,,,c20c87bf-52f4-11e4-aaab-000b6a4d90f4
,,,,c20dc562-52f4-11e4-aaab-000b6a4d90f4
,,,,c21076fa-52f4-11e4-aaab-000b6a4d90f4
,,,,c21399c8-52f4-11e4-aaab-000b6a4d90f4
,,,,c2144904-52f4-11e4-aaab-000b6a4d90f4
,,,,c21599dc-52f4-11e4-aaab-000b6a4d90f4
,,,,c216fbe6-52f4-11e4-aaab-000b6a4d90f4
,,,,c21855ab-52f4-11e4-aaab-000b6a4d90f4
,,,,c21936f1-52f4-11e4-aaab-000b6a4d90f4
,,,,c21a3354-52f4-11e4-aaab-000b6a4d90f4
,,,,c21b04b3-52f4-11e4-aaab-000b6a4d90f4
,,,,c21cac3e-52f4-11e4-aaab-000b6a4d90f4
,,,,c21d80c7-52f4-11e4-aaab-000b6a4d90f4
,,,,c21fe7e0-52f4-11e4-aaab-000b6a4d90f4
,,,,c2205745-52f4-11e4-aaab-000b6a4d90f4
,,,,c2211e19-52f4-11e4-aaab-000b6a4d90f4
,,,,c223d6b3-52f4-11e4-aaab-000b6a4d90f4
,,,,c22447e3-52f4-11e4-aaab-000b6a4d90f4
,,,,c224e51e-52f4-11e4-aaab-000b6a4d90f4
,,,,c226d4ed-52f4-11e4-aaab-000b6a4d90f4
,,,,c22872d2-52f4-11e4-aaab-000b6a4d90f4
,,,,c2293661-52f4-11e4-aaab-000b6a4d90f4
,,,,c22b26d4-52f4-11e4-aaab-000b6a4d90f4
,,,,c22ebab0-52f4-11e4-aaab-000b6a4d90f4
,,,,c22febaa-52f4-11e4-aaab-000b6a4d90f4
,,,,c23290b9-52f4-11e4-aaab-000b6a4d90f4
,,,,c233000e-52f4-11e4-aaab-000b6a4d90f4
,,,,c2337013-52f4-11e4-aaab-000b6a4d90f4
,,,,c233e24c-52f4-11e4-aaab-000b6a4d90f4
,,,,c23453cf-52f4-11e4-aaab-000b6a4d90f4
,,,,c23616fc-52f4-11e4-aaab-000b6a4d90f4
,,,,c2369ff6-52f4-11e4-aaab-000b6a4d90f4
,,,,c238b0f4-52f4-11e4-aaab-000b6a4d90f4
,,,,c2396df9-52f4-11e4-aaab-000b6a4d90f4
,,,,c23a83a3-52f4-11e4-aaab-000b6a4d90f4
,,,,c23b76e1-52f4-11e4-aaab-000b6a4d90f4
,,,,c23f4857-52f4-11e4-aaab-000b6a4d90f4
,,,,c240f9ac-52f4-11e4-aaab-000b6a4d90f4
,,,,c2424108-52f4-11e4-aaab-000b6a4d90f4
,,,,c242f677-52f4-11e4-aaab-000b6a4d90f4
,,,,c243adf7-52f4-11e4-aaab-000b6a4d90f4
,,,,c2448df5-52f4-11e4-aaab-000b6a4d90f4
,,,,c2453788-52f4-11e4-aaab-000b6a4d90f4
,,,,c246afca-52f4-11e4-aaab-000b6a4d90f4
,,,,c2471f5f-52f4-11e4-aaab-000b6a4d90f4
,,,,c2478f72-52f4-11e4-aaab-000b6a4d90f4
,,,,c248000e-52f4-11e4-aaab-000b6a4d90f4
,,,,c248b1fc-52f4-11e4-aaab-000b6a4d90f4
,,,,c249b013-52f4-11e4-aaab-000b6a4d90f4
,,,,c24a20ea-52f4-11e4-aaab-000b6a4d90f4
,,,,c24a8fe5-52f4-11e4-aaab-000b6a4d90f4
,,,,c24b368b-52f4-11e4-aaab-000b6a4d90f4
,,,,c24c0235-52f4-11e4-aaab-000b6a4d90f4
,,,,c24e67c0-52f4-11e4-aaab-000b6a4d90f4
,,,,c24ed883-52f4-11e4-aaab-000b6a4d90f4
,,,,c24f5919-52f4-11e4-aaab-000b6a4d90f4
,,,,c24fe011-52f4-11e4-aaab-000b6a4d90f4
,,,,c250961a-52f4-11e4-aaab-000b6a4d90f4
,,,,c2514b0e-52f4-11e4-aaab-000b6a4d90f4
,,,,c2527f03-52f4-11e4-aaab-000b6a4d90f4
,,,,c25500f3-52f4-11e4-aaab-000b6a4d90f4
,,,,c2557300-52f4-11e4-aaab-000b6a4d90f4
,,,,c2566160-52f4-11e4-aaab-000b6a4d90f4
,,,,c256d1e6-52f4-11e4-aaab-000b6a4d90f4
,,,,c257e4dd-52f4-11e4-aaab-000b6a4d90f4
,,,,c258be15-52f4-11e4-aaab-000b6a4d90f4
,,,,c2592e76-52f4-11e4-aaab-000b6a4d90f4
,,,,c25ca0e5-52f4-11e4-aaab-000b6a4d90f4
,,,,c25d6b91-52f4-11e4-aaab-000b6a4d90f4
,,,,c25e6d7d-52f4-11e4-aaab-000b6a4d90f4
,,,,c25f812a-52f4-11e4-aaab-000b6a4d90f4
,,,,c261fbfd-52f4-11e4-aaab-000b6a4d90f4
,,,,c2639935-52f4-11e4-aaab-000b6a4d90f4
,,,,c2641801-52f4-11e4-aaab-000b6a4d90f4
,,,,c2650bac-52f4-11e4-aaab-000b6a4d90f4
,,,,c2657b4f-52f4-11e4-aaab-000b6a4d90f4
,,,,c2661b71-52f4-11e4-aaab-000b6a4d90f4
,,,,c268eb36-52f4-11e4-aaab-000b6a4d90f4
,,,,c26a2980-52f4-11e4-aaab-000b6a4d90f4
,,,,c26ade13-52f4-11e4-aaab-000b6a4d90f4
,,,,c26c54b8-52f4-11e4-aaab-000b6a4d90f4
,,,,c26d7a29-52f4-11e4-aaab-000b6a4d90f4
,,,,c270b823-52f4-11e4-aaab-000b6a4d90f4
,,,,c2714f01-52f4-11e4-aaab-000b6a4d90f4
,,,,c271bfe0-52f4-11e4-aaab-000b6a4d90f4
,,,,c2722f38-52f4-11e4-aaab-000b6a4d90f4
,,,,c273685e-52f4-11e4-aaab-000b6a4d90f4
,,,,c2745bc1-52f4-11e4-aaab-000b6a4d90f4
,,,,c274dfd5-52f4-11e4-aaab-000b6a4d90f4
,,,,c275d106-52f4-11e4-aaab-000b6a4d90f4
,,,,c2764164-52f4-11e4-aaab-000b6a4d90f4
,,,,c277a2da-52f4-11e4-aaab-000b6a4d90f4
,,,,c2790c61-52f4-11e4-aaab-000b6a4d90f4
,,,,c279ddb5-52f4-11e4-aaab-000b6a4d90f4
,,,,c27af34b-52f4-11e4-aaab-000b6a4d90f4
,,,,c27b9b40-52f4-11e4-aaab-000b6a4d90f4
,,,,c27d6441-52f4-11e4-aaab-000b6a4d90f4
,,,,c2800df5-52f4-11e4-aaab-000b6a4d90f4
,,,,c280fa06-52f4-11e4-aaab-000b6a4d90f4
,,,,c282fe9e-52f4-11e4-aaab-000b6a4d90f4
,,,,c2836ea3-52f4-11e4-aaab-000b6a4d90f4
,,,,c28460a0-52f4-11e4-aaab-000b6a4d90f4
,,,,c2878c53-52f4-11e4-aaab-000b6a4d90f4
,,,,c2883912-52f4-11e4-aaab-000b6a4d90f4
,,,,c2897aca-52f4-11e4-aaab-000b6a4d90f4
,,,,c28e6b0c-52f4-11e4-aaab-000b6a4d90f4
,,,,c28edb40-52f4-11e4-aaab-000b6a4d90f4
,,,,c28f7535-52f4-11e4-aaab-000b6a4d90f4
,,,,c290ba79-52f4-11e4-aaab-000b6a4d90f4
,,,,c292c9b8-52f4-11e4-aaab-000b6a4d90f4
,,,,c2965030-52f4-11e4-aaab-000b6a4d90f4
,,,,c296ebe7-52f4-11e4-aaab-000b6a4d90f4
,,,,c297ab15-52f4-11e4-aaab-000b6a4d90f4
,,,,c29abdc4-52f4-11e4-aaab-000b6a4d90f4
,,,,c29c879c-52f4-11e4-aaab-000b6a4d90f4
,,,,c29d84cc-52f4-11e4-aaab-000b6a4d90f4
,,,,c29fa796-52f4-11e4-aaab-000b6a4d90f4
,,,,c2a386ab-52f4-11e4-aaab-000b6a4d90f4
,,,,c2a42455-52f4-11e4-aaab-000b6a4d90f4
,,,,c2a50c00-52f4-11e4-aaab-000b6a4d90f4
,,,,c2a6442b-52f4-11e4-aaab-000b6a4d90f4
,,,,c2a84373-52f4-11e4-aaab-000b6a4d90f4
,,,,c2a95652-52f4-11e4-aaab-000b6a4d90f4
,,,,c2acf9bd-52f4-11e4-aaab-000b6a4d90f4
,,,,c2ad96dc-52f4-11e4-aaab-000b6a4d90f4
,,,,c2ae6161-52f4-11e4-aaab-000b6a4d90f4
,,,,c2afa826-52f4-11e4-aaab-000b6a4d90f4
,,,,c2b3e964-52f4-11e4-aaab-000b6a4d90f4
,,,,c2b47476-52f4-11e4-aaab-000b6a4d90f4
,,,,c2b58154-52f4-11e4-aaab-000b6a4d90f4
,,,,c2b73425-52f4-11e4-aaab-000b6a4d90f4
,,,,c2b8bd49-52f4-11e4-aaab-000b6a4d90f4
,,,,c2b92cfa-52f4-11e4-aaab-000b6a4d90f4
,,,,c2ba871e-52f4-11e4-aaab-000b6a4d90f4
,,,,c2baf6ad-52f4-11e4-aaab-000b6a4d90f4
,,,,c2bb6613-52f4-11e4-aaab-000b6a4d90f4
,,,,c2bbd636-52f4-11e4-aaab-000b6a4d90f4
,,,,c2bc583a-52f4-11e4-aaab-000b6a4d90f4
,,,,c2bcc921-52f4-11e4-aaab-000b6a4d90f4
,,,,c2bd3870-52f4-11e4-aaab-000b6a4d90f4
,,,,c2bec5cb-52f4-11e4-aaab-000b6a4d90f4
,,,,c2c0daac-52f4-11e4-aaab-000b6a4d90f4
,,,,c2c19478-52f4-11e4-aaab-000b6a4d90f4
,,,,c2c2af8c-52f4-11e4-aaab-000b6a4d90f4
,,,,c2c51c50-52f4-11e4-aaab-000b6a4d90f4
,,,,c2c6524d-52f4-11e4-aaab-000b6a4d90f4
,,,,c2c7e51c-52f4-11e4-aaab-000b6a4d90f4
,,,,c2c88cea-52f4-11e4-aaab-000b6a4d90f4
,,,,c2c9a941-52f4-11e4-aaab-000b6a4d90f4
,,,,c2ca46e4-52f4-11e4-aaab-000b6a4d90f4
,,,,c2cac9c7-52f4-11e4-aaab-000b6a4d90f4
,,,,c2ccb803-52f4-11e4-aaab-000b6a4d90f4
,,,,c2cd2901-52f4-11e4-aaab-000b6a4d90f4
,,,,c2cf09d4-52f4-11e4-aaab-000b6a4d90f4
,,,,c2cfb8d3-52f4-11e4-aaab-000b6a4d90f4
,,,,c2d02860-52f4-11e4-aaab-000b6a4d90f4
,,,,c2d09883-52f4-11e4-aaab-000b6a4d90f4
,,,,c2d10831-52f4-11e4-aaab-000b6a4d90f4
,,,,c2d177d4-52f4-11e4-aaab-000b6a4d90f4
,,,,c2d1e6a0-52f4-11e4-aaab-000b6a4d90f4
,,,,c2d403b0-52f4-11e4-aaab-000b6a4d90f4
,,,,c2d5fe6e-52f4-11e4-aaab-000b6a4d90f4
,,,,c2d6d7de-52f4-11e4-aaab-000b6a4d90f4
,,,,c2d7789f-52f4-11e4-aaab-000b6a4d90f4
,,,,c2d7e89c-52f4-11e4-aaab-000b6a4d90f4
,,,,c2da47b9-52f4-11e4-aaab-000b6a4d90f4
,,,,c2dace90-52f4-11e4-aaab-000b6a4d90f4
,,,,c2dc32c9-52f4-11e4-aaab-000b6a4d90f4
,,,,c2dd4466-52f4-11e4-aaab-000b6a4d90f4
,,,,c2de1504-52f4-11e4-aaab-000b6a4d90f4
,,,,c2dec5e1-52f4-11e4-aaab-000b6a4d90f4
,,,,c2dfa392-52f4-11e4-aaab-000b6a4d90f4
,,,,c2e013dd-52f4-11e4-aaab-000b6a4d90f4
,,,,c2e08449-52f4-11e4-aaab-000b6a4d90f4
,,,,c2e1371d-52f4-11e4-aaab-000b6a4d90f4
,,,,c2e1a94b-52f4-11e4-aaab-000b6a4d90f4
,,,,c2e3a00d-52f4-11e4-aaab-000b6a4d90f4
,,,,c2e47347-52f4-11e4-aaab-000b6a4d90f4
,,,,c2e519e7-52f4-11e4-aaab-000b6a4d90f4
,,,,c2e58814-52f4-11e4-aaab-000b6a4d90f4
,,,,c2e5fb61-52f4-11e4-aaab-000b6a4d90f4
,,,,c2e66bcb-52f4-11e4-aaab-000b6a4d90f4
,,,,c2e6f1bf-52f4-11e4-aaab-000b6a4d90f4
,,,,c2e78a67-52f4-11e4-aaab-000b6a4d90f4
,,,,c2e83ac4-52f4-11e4-aaab-000b6a4d90f4
,,,,c2ea4cc6-52f4-11e4-aaab-000b6a4d90f4
,,,,c2eabc4f-52f4-11e4-aaab-000b6a4d90f4
,,,,c2eb2cd8-52f4-11e4-aaab-000b6a4d90f4
,,,,c2eb9ca2-52f4-11e4-aaab-000b6a4d90f4
,,,,c2ec0c2e-52f4-11e4-aaab-000b6a4d90f4
,,,,c2ec9053-52f4-11e4-aaab-000b6a4d90f4
,,,,c2ed0055-52f4-11e4-aaab-000b6a4d90f4
,,,,c2eda6d1-52f4-11e4-aaab-000b6a4d90f4
,,,,c2ef3edd-52f4-11e4-aaab-000b6a4d90f4
,,,,c2f05954-52f4-11e4-aaab-000b6a4d90f4
,,,,c2f2c837-52f4-11e4-aaab-000b6a4d90f4
,,,,c2f3768b-52f4-11e4-aaab-000b6a4d90f4
,,,,c2f48e58-52f4-11e4-aaab-000b6a4d90f4
,,,,c2f4fda2-52f4-11e4-aaab-000b6a4d90f4
,,,,c2f5eae6-52f4-11e4-aaab-000b6a4d90f4
,,,,c2f8ee27-52f4-11e4-aaab-000b6a4d90f4
,,,,c2f95dfa-52f4-11e4-aaab-000b6a4d90f4
,,,,c2fa26f7-52f4-11e4-aaab-000b6a4d90f4
,,,,c2faae88-52f4-11e4-aaab-000b6a4d90f4
,,,,c2fb3202-52f4-11e4-aaab-000b6a4d90f4
,,,,c2fbe3d2-52f4-11e4-aaab-000b6a4d90f4
,,,,c2fcf9b4-52f4-11e4-aaab-000b6a4d90f4
,,,,c2fe27a8-52f4-11e4-aaab-000b6a4d90f4
,,,,c301ce1a-52f4-11e4-aaab-000b6a4d90f4
,,,,c30250de-52f4-11e4-aaab-000b6a4d90f4
,,,,c303108c-52f4-11e4-aaab-000b6a4d90f4
,,,,c3041be9-52f4-11e4-aaab-000b6a4d90f4
,,,,c306f6d8-52f4-11e4-aaab-000b6a4d90f4
,,,,c307677e-52f4-11e4-aaab-000b6a4d90f4
,,,,c307eaed-52f4-11e4-aaab-000b6a4d90f4
,,,,c3086f33-52f4-11e4-aaab-000b6a4d90f4
,,,,c3092255-52f4-11e4-aaab-000b6a4d90f4
,,,,c309d81d-52f4-11e4-aaab-000b6a4d90f4
,,,,c30a47a7-52f4-11e4-aaab-000b6a4d90f4
,,,,c30acc55-52f4-11e4-aaab-000b6a4d90f4
,,,,c30b62e2-52f4-11e4-aaab-000b6a4d90f4
,,,,c30bd316-52f4-11e4-aaab-000b6a4d90f4
,,,,c30c6c26-52f4-11e4-aaab-000b6a4d90f4
,,,,c30d7bda-52f4-11e4-aaab-000b6a4d90f4
,,,,c30f2e9a-52f4-11e4-aaab-000b6a4d90f4
,,,,c30fb2f4-52f4-11e4-aaab-000b6a4d90f4
,,,,c310d0d0-52f4-11e4-aaab-000b6a4d90f4
,,,,c311fd50-52f4-11e4-aaab-000b6a4d90f4
,,,,c31286cb-52f4-11e4-aaab-000b6a4d90f4
,,,,c3131a47-52f4-11e4-aaab-000b6a4d90f4
,,,,c31388e9-52f4-11e4-aaab-000b6a4d90f4
,,,,c314516e-52f4-11e4-aaab-000b6a4d90f4
,,,,c316b4dc-52f4-11e4-aaab-000b6a4d90f4
,,,,c31726cc-52f4-11e4-aaab-000b6a4d90f4
,,,,c317962f-52f4-11e4-aaab-000b6a4d90f4
,,,,c31805a8-52f4-11e4-aaab-000b6a4d90f4
,,,,c31888ea-52f4-11e4-aaab-000b6a4d90f4
,,,,c3195acd-52f4-11e4-aaab-000b6a4d90f4
,,,,c31a08f4-52f4-11e4-aaab-000b6a4d90f4
,,,,c31d40e0-52f4-11e4-aaab-000b6a4d90f4
,,,,c31df259-52f4-11e4-aaab-000b6a4d90f4
,,,,c31f6acb-52f4-11e4-aaab-000b6a4d90f4
,,,,c3201423-52f4-11e4-aaab-000b6a4d90f4
,,,,c320fc29-52f4-11e4-aaab-000b6a4d90f4
,,,,c3221ba5-52f4-11e4-aaab-000b6a4d90f4
,,,,c324916b-52f4-11e4-aaab-000b6a4d90f4
,,,,c325119c-52f4-11e4-aaab-000b6a4d90f4
,,,,c32827b6-52f4-11e4-aaab-000b6a4d90f4
,,,,c32c85ef-52f4-11e4-aaab-000b6a4d90f4
,,,,c32ec76a-52f4-11e4-aaab-000b6a4d90f4
,,,,c33524ff-52f4-11e4-aaab-000b6a4d90f4
,,,,c336797c-52f4-11e4-aaab-000b6a4d90f4
,,,,c336ed25-52f4-11e4-aaab-000b6a4d90f4
,,,,c3392e97-52f4-11e4-aaab-000b6a4d90f4
,,,,c3399f52-52f4-11e4-aaab-000b6a4d90f4
,,,,c33a0ed1-52f4-11e4-aaab-000b6a4d90f4
,,,,c33aa396-52f4-11e4-aaab-000b6a4d90f4
,,,,c33bbc91-52f4-11e4-aaab-000b6a4d90f4
,,,,c33d33ec-52f4-11e4-aaab-000b6a4d90f4
,,,,c33f2991-52f4-11e4-aaab-000b6a4d90f4
,,,,c3402184-52f4-11e4-aaab-000b6a4d90f4
,,,,c340a9cb-52f4-11e4-aaab-000b6a4d90f4
,,,,c3411944-52f4-11e4-aaab-000b6a4d90f4
,,,,c34209c2-52f4-11e4-aaab-000b6a4d90f4
,,,,c342c9d8-52f4-11e4-aaab-000b6a4d90f4
,,,,c344e1b4-52f4-11e4-aaab-000b6a4d90f4
,,,,c34562e6-52f4-11e4-aaab-000b6a4d90f4
,,,,c34673e9-52f4-11e4-aaab-000b6a4d90f4
,,,,c346e3ff-52f4-11e4-aaab-000b6a4d90f4
,,,,c348e2a2-52f4-11e4-aaab-000b6a4d90f4
,,,,c3497f0c-52f4-11e4-aaab-000b6a4d90f4
,,,,c34a39a4-52f4-11e4-aaab-000b6a4d90f4
,,,,c34ad64b-52f4-11e4-aaab-000b6a4d90f4
,,,,c34c0f72-52f4-11e4-aaab-000b6a4d90f4
,,,,c34d2ac5-52f4-11e4-aaab-000b6a4d90f4
,,,,c34d99d4-52f4-11e4-aaab-000b6a4d90f4
,,,,c3507b17-52f4-11e4-aaab-000b6a4d90f4
,,,,c35149e3-52f4-11e4-aaab-000b6a4d90f4
,,,,c351bb7a-52f4-11e4-aaab-000b6a4d90f4
,,,,c3528b1a-52f4-11e4-aaab-000b6a4d90f4
,,,,c353103d-52f4-11e4-aaab-000b6a4d90f4
,,,,c35391c8-52f4-11e4-aaab-000b6a4d90f4
,,,,c3544f10-52f4-11e4-aaab-000b6a4d90f4
,,,,c35652be-52f4-11e4-aaab-000b6a4d90f4
,,,,c357bc6c-52f4-11e4-aaab-000b6a4d90f4
,,,,c35844d2-52f4-11e4-aaab-000b6a4d90f4
,,,,c358e1fc-52f4-11e4-aaab-000b6a4d90f4
,,,,c359f850-52f4-11e4-aaab-000b6a4d90f4
,,,,c35b0d47-52f4-11e4-aaab-000b6a4d90f4
,,,,c35e6417-52f4-11e4-aaab-000b6a4d90f4
,,,,c35ed4dd-52f4-11e4-aaab-000b6a4d90f4
,,,,c36119e3-52f4-11e4-aaab-000b6a4d90f4
,,,,c362099b-52f4-11e4-aaab-000b6a4d90f4
,,,,c365eac8-52f4-11e4-aaab-000b6a4d90f4
,,,,c36659dd-52f4-11e4-aaab-000b6a4d90f4
,,,,c366c994-52f4-11e4-aaab-000b6a4d90f4
,,,,c367a556-52f4-11e4-aaab-000b6a4d90f4
,,,,c368157c-52f4-11e4-aaab-000b6a4d90f4
,,,,c369762f-52f4-11e4-aaab-000b6a4d90f4
,,,,c36a3029-52f4-11e4-aaab-000b6a4d90f4
,,,,c36daf24-52f4-11e4-aaab-000b6a4d90f4
,,,,c36e2fe9-52f4-11e4-aaab-000b6a4d90f4
,,,,c36ea19a-52f4-11e4-aaab-000b6a4d90f4
,,,,c36f3fa6-52f4-11e4-aaab-000b6a4d90f4
,,,,c36fcac4-52f4-11e4-aaab-000b6a4d90f4
,,,,c3707a8f-52f4-11e4-aaab-000b6a4d90f4
,,,,c370e9fd-52f4-11e4-aaab-000b6a4d90f4
,,,,c371598f-52f4-11e4-aaab-000b6a4d90f4
,,,,c3740bf9-52f4-11e4-aaab-000b6a4d90f4
,,,,c374b256-52f4-11e4-aaab-000b6a4d90f4
,,,,c3761614-52f4-11e4-aaab-000b6a4d90f4
,,,,c376b3a9-52f4-11e4-aaab-000b6a4d90f4
,,,,c3775028-52f4-11e4-aaab-000b6a4d90f4
,,,,c37811e7-52f4-11e4-aaab-000b6a4d90f4
,,,,c37b8235-52f4-11e4-aaab-000b6a4d90f4
,,,,c37bf0df-52f4-11e4-aaab-000b6a4d90f4
,,,,c37c8c61-52f4-11e4-aaab-000b6a4d90f4
,,,,c37da5ed-52f4-11e4-aaab-000b6a4d90f4
,,,,c37ee552-52f4-11e4-aaab-000b6a4d90f4
,,,,c380e331-52f4-11e4-aaab-000b6a4d90f4
,,,,c3822c71-52f4-11e4-aaab-000b6a4d90f4
,,,,c3829b90-52f4-11e4-aaab-000b6a4d90f4
,,,,c384076a-52f4-11e4-aaab-000b6a4d90f4
,,,,c384bc48-52f4-11e4-aaab-000b6a4d90f4
,,,,c3852b81-52f4-11e4-aaab-000b6a4d90f4
,,,,c389d812-52f4-11e4-aaab-000b6a4d90f4
,,,,c38a872a-52f4-11e4-aaab-000b6a4d90f4
,,,,c38bc386-52f4-11e4-aaab-000b6a4d90f4
,,,,c38c7272-52f4-11e4-aaab-000b6a4d90f4
,,,,c38d85d1-52f4-11e4-aaab-000b6a4d90f4
,,,,c38e6647-52f4-11e4-aaab-000b6a4d90f4
,,,,c38f1f40-52f4-11e4-aaab-000b6a4d90f4
,,,,c391b9b8-52f4-11e4-aaab-000b6a4d90f4
,,,,c392ad88-52f4-11e4-aaab-000b6a4d90f4
,,,,c3952d50-52f4-11e4-aaab-000b6a4d90f4
,,,,c396a7f0-52f4-11e4-aaab-000b6a4d90f4
,,,,c3998917-52f4-11e4-aaab-000b6a4d90f4
,,,,c39aa49d-52f4-11e4-aaab-000b6a4d90f4
,,,,c39bf6e6-52f4-11e4-aaab-000b6a4d90f4
,,,,c39d70ec-52f4-11e4-aaab-000b6a4d90f4
,,,,c3a0205c-52f4-11e4-aaab-000b6a4d90f4
,,,,c3a1a5a3-52f4-11e4-aaab-000b6a4d90f4
,,,,c3a46cd1-52f4-11e4-aaab-000b6a4d90f4
,,,,c3a6c49c-52f4-11e4-aaab-000b6a4d90f4
,,,,c3aacf07-52f4-11e4-aaab-000b6a4d90f4
,,,,c3abfea9-52f4-11e4-aaab-000b6a4d90f4
,,,,c3aca59d-52f4-11e4-aaab-000b6a4d90f4
,,,,c3af2506-52f4-11e4-aaab-000b6a4d90f4
,,,,c3b18d1f-52f4-11e4-aaab-000b6a4d90f4
,,,,c3b24c87-52f4-11e4-aaab-000b6a4d90f4
,,,,c3b314db-52f4-11e4-aaab-000b6a4d90f4
,,,,c3b5b9bc-52f4-11e4-aaab-000b6a4d90f4
,,,,c3b64077-52f4-11e4-aaab-000b6a4d90f4
,,,,c3b955b4-52f4-11e4-aaab-000b6a4d90f4
,,,,c3bab400-52f4-11e4-aaab-000b6a4d90f4
,,,,c3bb98d4-52f4-11e4-aaab-000b6a4d90f4
,,,,c3c007b5-52f4-11e4-aaab-000b6a4d90f4
,,,,c3c078a7-52f4-11e4-aaab-000b6a4d90f4
,,,,c3c0e938-52f4-11e4-aaab-000b6a4d90f4
,,,,c3c1819a-52f4-11e4-aaab-000b6a4d90f4
,,,,c3c233cc-52f4-11e4-aaab-000b6a4d90f4
,,,,c3c69f4d-52f4-11e4-aaab-000b6a4d90f4
,,,,c3c894c6-52f4-11e4-aaab-000b6a4d90f4
,,,,c3c9ff1e-52f4-11e4-aaab-000b6a4d90f4
,,,,c3cdd8fb-52f4-11e4-aaab-000b6a4d90f4
,,,,c3cefa1a-52f4-11e4-aaab-000b6a4d90f4
,,,,c3d1e6ac-52f4-11e4-aaab-000b6a4d90f4
,,,,c3d2cec9-52f4-11e4-aaab-000b6a4d90f4
,,,,c3d3a0cf-52f4-11e4-aaab-000b6a4d90f4
,,,,c3d70589-52f4-11e4-aaab-000b6a4d90f4
,,,,c3d7acb0-52f4-11e4-aaab-000b6a4d90f4
,,,,c3d86bfc-52f4-11e4-aaab-000b6a4d90f4
,,,,c3d95a9a-52f4-11e4-aaab-000b6a4d90f4
,,,,c3d9caf3-52f4-11e4-aaab-000b6a4d90f4
,,,,c3de3350-52f4-11e4-aaab-000b6a4d90f4
,,,,c3dee031-52f4-11e4-aaab-000b6a4d90f4
,,,,c3df70e5-52f4-11e4-aaab-000b6a4d90f4
,,,,c3e01fff-52f4-11e4-aaab-000b6a4d90f4
,,,,c3e456a4-52f4-11e4-aaab-000b6a4d90f4
,,,,c3e5b5fa-52f4-11e4-aaab-000b6a4d90f4
,,,,c3e6dc88-52f4-11e4-aaab-000b6a4d90f4
,,,,c3e824e8-52f4-11e4-aaab-000b6a4d90f4
,,,,c3e8b4bc-52f4-11e4-aaab-000b6a4d90f4
,,,,c3e925a6-52f4-11e4-aaab-000b6a4d90f4
,,,,c3ea2fdd-52f4-11e4-aaab-000b6a4d90f4
,,,,c3eaa190-52f4-11e4-aaab-000b6a4d90f4
,,,,c3eb676f-52f4-11e4-aaab-000b6a4d90f4
,,,,c3ebfd9a-52f4-11e4-aaab-000b6a4d90f4
,,,,c3edede1-52f4-11e4-aaab-000b6a4d90f4
,,,,c3ef7abb-52f4-11e4-aaab-000b6a4d90f4
,,,,c3f1a848-52f4-11e4-aaab-000b6a4d90f4
,,,,c3f27735-52f4-11e4-aaab-000b6a4d90f4
,,,,c3f6cfec-52f4-11e4-aaab-000b6a4d90f4
,,,,c3f740f8-52f4-11e4-aaab-000b6a4d90f4
,,,,c3f81bae-52f4-11e4-aaab-000b6a4d90f4
,,,,c3f88c36-52f4-11e4-aaab-000b6a4d90f4
,,,,c3f8fd77-52f4-11e4-aaab-000b6a4d90f4
,,,,c3fa048f-52f4-11e4-aaab-000b6a4d90f4
,,,,c3fcbc36-52f4-11e4-aaab-000b6a4d90f4
,,,,c3fdd768-52f4-11e4-aaab-000b6a4d90f4
,,,,c3fedd68-52f4-11e4-aaab-000b6a4d90f4
,,,,c3ffe33a-52f4-11e4-aaab-000b6a4d90f4
,,,,c401aea6-52f4-11e4-aaab-000b6a4d90f4
,,,,c4041a81-52f4-11e4-aaab-000b6a4d90f4
,,,,c4050bd1-52f4-11e4-aaab-000b6a4d90f4
,,,,c405e402-52f4-11e4-aaab-000b6a4d90f4
,,,,c4065600-52f4-11e4-aaab-000b6a4d90f4
,,,,c406eb5a-52f4-11e4-aaab-000b6a4d90f4
,,,,c40a310e-52f4-11e4-aaab-000b6a4d90f4
,,,,c40b4d84-52f4-11e4-aaab-000b6a4d90f4
,,,,c40c04ea-52f4-11e4-aaab-000b6a4d90f4
,,,,c40c75ed-52f4-11e4-aaab-000b6a4d90f4
,,,,c40cfbcb-52f4-11e4-aaab-000b6a4d90f4
,,,,c40f49d2-52f4-11e4-aaab-000b6a4d90f4
,,,,c411daee-52f4-11e4-aaab-000b6a4d90f4
,,,,c4130a0d-52f4-11e4-aaab-000b6a4d90f4
,,,,c413ef89-52f4-11e4-aaab-000b6a4d90f4
,,,,c4157970-52f4-11e4-aaab-000b6a4d90f4
,,,,c4161b6a-52f4-11e4-aaab-000b6a4d90f4
,,,,c41900f2-52f4-11e4-aaab-000b6a4d90f4
,,,,c41971cb-52f4-11e4-aaab-000b6a4d90f4
,,,,c41d5299-52f4-11e4-aaab-000b6a4d90f4
,,,,c41e12fd-52f4-11e4-aaab-000b6a4d90f4
,,,,c41e9a86-52f4-11e4-aaab-000b6a4d90f4
,,,,c41fb6bf-52f4-11e4-aaab-000b6a4d90f4
,,,,c420f031-52f4-11e4-aaab-000b6a4d90f4
,,,,c4248f77-52f4-11e4-aaab-000b6a4d90f4
,,,,c42589e1-52f4-11e4-aaab-000b6a4d90f4
,,,,c427e416-52f4-11e4-aaab-000b6a4d90f4
,,,,c428846a-52f4-11e4-aaab-000b6a4d90f4
,,,,c42b04ac-52f4-11e4-aaab-000b6a4d90f4
,,,,c42b750d-52f4-11e4-aaab-000b6a4d90f4
,,,,c42cfb45-52f4-11e4-aaab-000b6a4d90f4
,,,,c42ebaa2-52f4-11e4-aaab-000b6a4d90f4
,,,,c42f4564-52f4-11e4-aaab-000b6a4d90f4
,,,,c42fc696-52f4-11e4-aaab-000b6a4d90f4
,,,,c4305f5d-52f4-11e4-aaab-000b6a4d90f4
,,,,c431d8e3-52f4-11e4-aaab-000b6a4d90f4
,,,,c4359c6d-52f4-11e4-aaab-000b6a4d90f4
,,,,c436bff2-52f4-11e4-aaab-000b6a4d90f4
,,,,c4392742-52f4-11e4-aaab-000b6a4d90f4
,,,,c43a7fd9-52f4-11e4-aaab-000b6a4d90f4
,,,,c43c86b4-52f4-11e4-aaab-000b6a4d90f4
,,,,c43d6bf0-52f4-11e4-aaab-000b6a4d90f4
,,,,c43eb351-52f4-11e4-aaab-000b6a4d90f4
,,,,c4432f12-52f4-11e4-aaab-000b6a4d90f4
,,,,c4464e7b-52f4-11e4-aaab-000b6a4d90f4
,,,,c44a8602-52f4-11e4-aaab-000b6a4d90f4
,,,,c44bb9c8-52f4-11e4-aaab-000b6a4d90f4
,,,,c44d521a-52f4-11e4-aaab-000b6a4d90f4
,,,,c44e65c4-52f4-11e4-aaab-000b6a4d90f4
,,,,c44fdd8e-52f4-11e4-aaab-000b6a4d90f4
,,,,c45123f2-52f4-11e4-aaab-000b6a4d90f4
,,,,c4520a07-52f4-11e4-aaab-000b6a4d90f4
,,,,c45489fe-52f4-11e4-aaab-000b6a4d90f4
,,,,c454fb47-52f4-11e4-aaab-000b6a4d90f4
,,,,c4566104-52f4-11e4-aaab-000b6a4d90f4
,,,,c456f0db-52f4-11e4-aaab-000b6a4d90f4
,,,,c4577bf3-52f4-11e4-aaab-000b6a4d90f4
,,,,c457ec89-52f4-11e4-aaab-000b6a4d90f4
,,,,c4585b0a-52f4-11e4-aaab-000b6a4d90f4
,,,,c458e163-52f4-11e4-aaab-000b6a4d90f4
,,,,c45950dc-52f4-11e4-aaab-000b6a4d90f4
,,,,c45b8c10-52f4-11e4-aaab-000b6a4d90f4
,,,,c45dbb99-52f4-11e4-aaab-000b6a4d90f4
,,,,c45e9265-52f4-11e4-aaab-000b6a4d90f4
,,,,c45f573d-52f4-11e4-aaab-000b6a4d90f4
,,,,c46358a9-52f4-11e4-aaab-000b6a4d90f4
,,,,c4643521-52f4-11e4-aaab-000b6a4d90f4
,,,,c464ce47-52f4-11e4-aaab-000b6a4d90f4
,,,,c465ce0d-52f4-11e4-aaab-000b6a4d90f4
,,,,c466631b-52f4-11e4-aaab-000b6a4d90f4
,,,,c46a085c-52f4-11e4-aaab-000b6a4d90f4
,,,,c46b2181-52f4-11e4-aaab-000b6a4d90f4
,,,,c471ad4d-52f4-11e4-aaab-000b6a4d90f4
,,,,c472efc9-52f4-11e4-aaab-000b6a4d90f4
,,,,c47375c2-52f4-11e4-aaab-000b6a4d90f4
,,,,c475166b-52f4-11e4-aaab-000b6a4d90f4
,,,,c47a271e-52f4-11e4-aaab-000b6a4d90f4
,,,,c47b0f33-52f4-11e4-aaab-000b6a4d90f4
,,,,c47bb81b-52f4-11e4-aaab-000b6a4d90f4
,,,,c47ca1e9-52f4-11e4-aaab-000b6a4d90f4
,,,,c47e1d5e-52f4-11e4-aaab-000b6a4d90f4
,,,,c47fa50e-52f4-11e4-aaab-000b6a4d90f4
,,,,c4804b9b-52f4-11e4-aaab-000b6a4d90f4
,,,,c480e975-52f4-11e4-aaab-000b6a4d90f4
,,,,c4816c18-52f4-11e4-aaab-000b6a4d90f4
,,,,c484b16d-52f4-11e4-aaab-000b6a4d90f4
,,,,c485dc56-52f4-11e4-aaab-000b6a4d90f4
,,,,c4870ec3-52f4-11e4-aaab-000b6a4d90f4
,,,,c487e09b-52f4-11e4-aaab-000b6a4d90f4
,,,,c4885139-52f4-11e4-aaab-000b6a4d90f4
,,,,c488d874-52f4-11e4-aaab-000b6a4d90f4
,,,,c48a131f-52f4-11e4-aaab-000b6a4d90f4
,,,,c48a823f-52f4-11e4-aaab-000b6a4d90f4
,,,,c48b1c60-52f4-11e4-aaab-000b6a4d90f4
,,,,c48d0a14-52f4-11e4-aaab-000b6a4d90f4
,,,,c48db339-52f4-11e4-aaab-000b6a4d90f4
,,,,c48e3b32-52f4-11e4-aaab-000b6a4d90f4
,,,,c48ea9f6-52f4-11e4-aaab-000b6a4d90f4
,,,,c48f66c3-52f4-11e4-aaab-000b6a4d90f4
,,,,c4919ce7-52f4-11e4-aaab-000b6a4d90f4
,,,,c4921714-52f4-11e4-aaab-000b6a4d90f4
,,,,c4940bbb-52f4-11e4-aaab-000b6a4d90f4
,,,,c49591c9-52f4-11e4-aaab-000b6a4d90f4
,,,,c4960251-52f4-11e4-aaab-000b6a4d90f4
,,,,c49672ba-52f4-11e4-aaab-000b6a4d90f4
,,,,c49701a7-52f4-11e4-aaab-000b6a4d90f4
,,,,c4978bb8-52f4-11e4-aaab-000b6a4d90f4
,,,,c4998f1b-52f4-11e4-aaab-000b6a4d90f4
,,,,c49a4d64-52f4-11e4-aaab-000b6a4d90f4
,,,,c49af433-52f4-11e4-aaab-000b6a4d90f4
,,,,c49be676-52f4-11e4-aaab-000b6a4d90f4
,,,,c49ccd01-52f4-11e4-aaab-000b6a4d90f4
,,,,c49db274-52f4-11e4-aaab-000b6a4d90f4
,,,,c49e313d-52f4-11e4-aaab-000b6a4d90f4
,,,,c49eae55-52f4-11e4-aaab-000b6a4d90f4
,,,,c49f34ee-52f4-11e4-aaab-000b6a4d90f4
,,,,c49faedb-52f4-11e4-aaab-000b6a4d90f4
,,,,c4a02a50-52f4-11e4-aaab-000b6a4d90f4
,,,,c4a0a347-52f4-11e4-aaab-000b6a4d90f4
,,,,c4a11330-52f4-11e4-aaab-000b6a4d90f4
,,,,c4a18712-52f4-11e4-aaab-000b6a4d90f4
,,,,c4a1f781-52f4-11e4-aaab-000b6a4d90f4
,,,,c4a2660d-52f4-11e4-aaab-000b6a4d90f4
,,,,c4a2e0a2-52f4-11e4-aaab-000b6a4d90f4
,,,,c4a353f8-52f4-11e4-aaab-000b6a4d90f4
,,,,c4a3d65a-52f4-11e4-aaab-000b6a4d90f4
,,,,c4a44986-52f4-11e4-aaab-000b6a4d90f4
,,,,c4a4b959-52f4-11e4-aaab-000b6a4d90f4
,,,,c4a52d14-52f4-11e4-aaab-000b6a4d90f4
,,,,c4a59ce3-52f4-11e4-aaab-000b6a4d90f4
,,,,c4a61012-52f4-11e4-aaab-000b6a4d90f4
,,,,c4a68464-52f4-11e4-aaab-000b6a4d90f4
,,,,c4a91086-52f4-11e4-aaab-000b6a4d90f4
,,,,c4a99d4f-52f4-11e4-aaab-000b6a4d90f4
,,,,c4aa627a-52f4-11e4-aaab-000b6a4d90f4
,,,,c4ab33d4-52f4-11e4-aaab-000b6a4d90f4
,,,,c4ac580c-52f4-11e4-aaab-000b6a4d90f4
,,,,c4acebbd-52f4-11e4-aaab-000b6a4d90f4
,,,,c4ad830e-52f4-11e4-aaab-000b6a4d90f4
,,,,c4aea94b-52f4-11e4-aaab-000b6a4d90f4
,,,,c4af347a-52f4-11e4-aaab-000b6a4d90f4
,,,,c4b0dd14-52f4-11e4-aaab-000b6a4d90f4
,,,,c4b17738-52f4-11e4-aaab-000b6a4d90f4
,,,,c4b1e6d8-52f4-11e4-aaab-000b6a4d90f4
,,,,c4b281fe-52f4-11e4-aaab-000b6a4d90f4
,,,,c4b329f3-52f4-11e4-aaab-000b6a4d90f4
,,,,c4b39aa2-52f4-11e4-aaab-000b6a4d90f4
,,,,c4b45097-52f4-11e4-aaab-000b6a4d90f4
,,,,c4b67e14-52f4-11e4-aaab-000b6a4d90f4
,,,,c4b75c16-52f4-11e4-aaab-000b6a4d90f4
,,,,c4b7d788-52f4-11e4-aaab-000b6a4d90f4
,,,,c4b99d7d-52f4-11e4-aaab-000b6a4d90f4
,,,,c4ba0f2a-52f4-11e4-aaab-000b6a4d90f4
,,,,c4ba7e77-52f4-11e4-aaab-000b6a4d90f4
,,,,c4bb17a8-52f4-11e4-aaab-000b6a4d90f4
,,,,c4bb88f6-52f4-11e4-aaab-000b6a4d90f4
,,,,c4bc0aca-52f4-11e4-aaab-000b6a4d90f4
,,,,c4bc9001-52f4-11e4-aaab-000b6a4d90f4
,,,,c4bd9177-52f4-11e4-aaab-000b6a4d90f4
,,,,c4be1709-52f4-11e4-aaab-000b6a4d90f4
,,,,c4c07c5a-52f4-11e4-aaab-000b6a4d90f4
,,,,c4c101c5-52f4-11e4-aaab-000b6a4d90f4
,,,,c4c1725e-52f4-11e4-aaab-000b6a4d90f4
,,,,c4c20dc1-52f4-11e4-aaab-000b6a4d90f4
,,,,c4c2f157-52f4-11e4-aaab-000b6a4d90f4
,,,,c4c3abed-52f4-11e4-aaab-000b6a4d90f4
,,,,c4c4f9f3-52f4-11e4-aaab-000b6a4d90f4
,,,,c4c96909-52f4-11e4-aaab-000b6a4d90f4
,,,,c4ca6bf0-52f4-11e4-aaab-000b6a4d90f4
,,,,c4cb2d10-52f4-11e4-aaab-000b6a4d90f4
,,,,c4cbd173-52f4-11e4-aaab-000b6a4d90f4
,,,,c4cc4236-52f4-11e4-aaab-000b6a4d90f4
,,,,c4ccc8cf-52f4-11e4-aaab-000b6a4d90f4
,,,,c4ce5061-52f4-11e4-aaab-000b6a4d90f4
,,,,c4cf9af8-52f4-11e4-aaab-000b6a4d90f4
,,,,c4d00a8d-52f4-11e4-aaab-000b6a4d90f4
,,,,c4d07d06-52f4-11e4-aaab-000b6a4d90f4
,,,,c4d0ed24-52f4-11e4-aaab-000b6a4d90f4
,,,,c4d18cdc-52f4-11e4-aaab-000b6a4d90f4
,,,,c4d2c582-52f4-11e4-aaab-000b6a4d90f4
,,,,c4d4d55b-52f4-11e4-aaab-000b6a4d90f4
,,,,c4d678ea-52f4-11e4-aaab-000b6a4d90f4
,,,,c4d6e88d-52f4-11e4-aaab-000b6a4d90f4
,,,,c4d77d78-52f4-11e4-aaab-000b6a4d90f4
,,,,c4d82123-52f4-11e4-aaab-000b6a4d90f4
,,,,c4d891a5-52f4-11e4-aaab-000b6a4d90f4
,,,,c4d8ffff-52f4-11e4-aaab-000b6a4d90f4
,,,,c4d9707c-52f4-11e4-aaab-000b6a4d90f4
,,,,c4d9e107-52f4-11e4-aaab-000b6a4d90f4
,,,,c4db1e69-52f4-11e4-aaab-000b6a4d90f4
,,,,c4dd7391-52f4-11e4-aaab-000b6a4d90f4
,,,,c4dde398-52f4-11e4-aaab-000b6a4d90f4
,,,,c4de6752-52f4-11e4-aaab-000b6a4d90f4
,,,,c4dee45c-52f4-11e4-aaab-000b6a4d90f4
,,,,c4e00208-52f4-11e4-aaab-000b6a4d90f4
,,,,c4e12cb9-52f4-11e4-aaab-000b6a4d90f4
,,,,c4e3fe40-52f4-11e4-aaab-000b6a4d90f4
,,,,c4e4dcf5-52f4-11e4-aaab-000b6a4d90f4
,,,,c4e55197-52f4-11e4-aaab-000b6a4d90f4
,,,,c4e5c12f-52f4-11e4-aaab-000b6a4d90f4
,,,,c4e6f59f-52f4-11e4-aaab-000b6a4d90f4
,,,,c4e8613b-52f4-11e4-aaab-000b6a4d90f4
,,,,c4e9ec16-52f4-11e4-aaab-000b6a4d90f4
,,,,c4ea6e89-52f4-11e4-aaab-000b6a4d90f4
,,,,c4eadf1a-52f4-11e4-aaab-000b6a4d90f4
,,,,c4eb4f7e-52f4-11e4-aaab-000b6a4d90f4
,,,,c4ec211d-52f4-11e4-aaab-000b6a4d90f4
,,,,c4eccbee-52f4-11e4-aaab-000b6a4d90f4
,,,,c4eed8ab-52f4-11e4-aaab-000b6a4d90f4
,,,,c4ef801c-52f4-11e4-aaab-000b6a4d90f4
,,,,c4f020db-52f4-11e4-aaab-000b6a4d90f4
,,,,c4f0c001-52f4-11e4-aaab-000b6a4d90f4
,,,,c4f14469-52f4-11e4-aaab-000b6a4d90f4
,,,,c4f29eec-52f4-11e4-aaab-000b6a4d90f4
,,,,c4f38247-52f4-11e4-aaab-000b6a4d90f4
,,,,c4f3f379-52f4-11e4-aaab-000b6a4d90f4
,,,,c4f59e42-52f4-11e4-aaab-000b6a4d90f4
,,,,c4f67987-52f4-11e4-aaab-000b6a4d90f4
,,,,c4f80996-52f4-11e4-aaab-000b6a4d90f4
,,,,c4fa0b8b-52f4-11e4-aaab-000b6a4d90f4
,,,,c4fa7d4c-52f4-11e4-aaab-000b6a4d90f4
,,,,c4fca500-52f4-11e4-aaab-000b6a4d90f4
,,,,c4fd291e-52f4-11e4-aaab-000b6a4d90f4
,,,,c4fd9c4d-52f4-11e4-aaab-000b6a4d90f4
,,,,c4fe0b59-52f4-11e4-aaab-000b6a4d90f4
,,,,c4fe7bb8-52f4-11e4-aaab-000b6a4d90f4
,,,,c4ff130e-52f4-11e4-aaab-000b6a4d90f4
,,,,c50091ad-52f4-11e4-aaab-000b6a4d90f4
,,,,c50186cc-52f4-11e4-aaab-000b6a4d90f4
,,,,c502f35c-52f4-11e4-aaab-000b6a4d90f4
,,,,c503ea0a-52f4-11e4-aaab-000b6a4d90f4
,,,,c50478a8-52f4-11e4-aaab-000b6a4d90f4
,,,,c5078c19-52f4-11e4-aaab-000b6a4d90f4
,,,,c5099b5d-52f4-11e4-aaab-000b6a4d90f4
,,,,c50ae9c0-52f4-11e4-aaab-000b6a4d90f4
,,,,c50b8229-52f4-11e4-aaab-000b6a4d90f4
,,,,c50c376e-52f4-11e4-aaab-000b6a4d90f4
,,,,c50cd559-52f4-11e4-aaab-000b6a4d90f4
,,,,c50dd333-52f4-11e4-aaab-000b6a4d90f4
,,,,c5113506-52f4-11e4-aaab-000b6a4d90f4
,,,,c511e72f-52f4-11e4-aaab-000b6a4d90f4
,,,,c51280f4-52f4-11e4-aaab-000b6a4d90f4
,,,,c513d661-52f4-11e4-aaab-000b6a4d90f4
,,,,c5182894-52f4-11e4-aaab-000b6a4d90f4
,,,,c51899b0-52f4-11e4-aaab-000b6a4d90f4
,,,,c5192e04-52f4-11e4-aaab-000b6a4d90f4
,,,,c5199e91-52f4-11e4-aaab-000b6a4d90f4
,,,,c51a4d42-52f4-11e4-aaab-000b6a4d90f4
,,,,c51ae58e-52f4-11e4-aaab-000b6a4d90f4
,,,,c51b596d-52f4-11e4-aaab-000b6a4d90f4
,,,,c51bc93d-52f4-11e4-aaab-000b6a4d90f4
,,,,c51c3907-52f4-11e4-aaab-000b6a4d90f4
,,,,c51cccda-52f4-11e4-aaab-000b6a4d90f4
,,,,c51dcc97-52f4-11e4-aaab-000b6a4d90f4
,,,,c51f9036-52f4-11e4-aaab-000b6a4d90f4
,,,,c5207b86-52f4-11e4-aaab-000b6a4d90f4
,,,,c522237e-52f4-11e4-aaab-000b6a4d90f4
,,,,c5247fa4-52f4-11e4-aaab-000b6a4d90f4
,,,,c5250473-52f4-11e4-aaab-000b6a4d90f4
,,,,c5260f65-52f4-11e4-aaab-000b6a4d90f4
,,,,c526947a-52f4-11e4-aaab-000b6a4d90f4
,,,,c5280c87-52f4-11e4-aaab-000b6a4d90f4
,,,,c5294702-52f4-11e4-aaab-000b6a4d90f4
,,,,c52b7f0f-52f4-11e4-aaab-000b6a4d90f4
,,,,c52c3d2b-52f4-11e4-aaab-000b6a4d90f4
,,,,c52cbe2b-52f4-11e4-aaab-000b6a4d90f4
,,,,c52d4cad-52f4-11e4-aaab-000b6a4d90f4
,,,,c53079d6-52f4-11e4-aaab-000b6a4d90f4
,,,,c53136bc-52f4-11e4-aaab-000b6a4d90f4
,,,,c5334828-52f4-11e4-aaab-000b6a4d90f4
,,,,c5354d87-52f4-11e4-aaab-000b6a4d90f4
,,,,c537a249-52f4-11e4-aaab-000b6a4d90f4
,,,,c538a93d-52f4-11e4-aaab-000b6a4d90f4
,,,,c5393883-52f4-11e4-aaab-000b6a4d90f4
,,,,c53a607f-52f4-11e4-aaab-000b6a4d90f4
,,,,c53be4a9-52f4-11e4-aaab-000b6a4d90f4
,,,,c53ea841-52f4-11e4-aaab-000b6a4d90f4
,,,,c540c078-52f4-11e4-aaab-000b6a4d90f4
,,,,c5448878-52f4-11e4-aaab-000b6a4d90f4
,,,,c5458c34-52f4-11e4-aaab-000b6a4d90f4
,,,,c5478568-52f4-11e4-aaab-000b6a4d90f4
,,,,c548b373-52f4-11e4-aaab-000b6a4d90f4
,,,,c549db8e-52f4-11e4-aaab-000b6a4d90f4
,,,,c551000b-52f4-11e4-aaab-000b6a4d90f4
,,,,c55184dc-52f4-11e4-aaab-000b6a4d90f4
,,,,c55245eb-52f4-11e4-aaab-000b6a4d90f4
,,,,c5531e99-52f4-11e4-aaab-000b6a4d90f4
,,,,c554d582-52f4-11e4-aaab-000b6a4d90f4
,,,,c555fd79-52f4-11e4-aaab-000b6a4d90f4
,,,,c5566ddd-52f4-11e4-aaab-000b6a4d90f4
,,,,c55776f1-52f4-11e4-aaab-000b6a4d90f4
,,,,c557e8b2-52f4-11e4-aaab-000b6a4d90f4
,,,,c55b77fe-52f4-11e4-aaab-000b6a4d90f4
,,,,c55c97fb-52f4-11e4-aaab-000b6a4d90f4
,,,,c55d72e1-52f4-11e4-aaab-000b6a4d90f4
,,,,c562c93f-52f4-11e4-aaab-000b6a4d90f4
,,,,c564b804-52f4-11e4-aaab-000b6a4d90f4
,,,,c56645cc-52f4-11e4-aaab-000b6a4d90f4
,,,,c567561f-52f4-11e4-aaab-000b6a4d90f4
,,,,c56eed5e-52f4-11e4-aaab-000b6a4d90f4
,,,,c56f9e7b-52f4-11e4-aaab-000b6a4d90f4
,,,,c57382c7-52f4-11e4-aaab-000b6a4d90f4
,,,,c5748999-52f4-11e4-aaab-000b6a4d90f4
,,,,c5757e38-52f4-11e4-aaab-000b6a4d90f4
,,,,c57ccbd1-52f4-11e4-aaab-000b6a4d90f4
,,,,c57def2f-52f4-11e4-aaab-000b6a4d90f4
,,,,c57fc455-52f4-11e4-aaab-000b6a4d90f4
,,,,c5806193-52f4-11e4-aaab-000b6a4d90f4
,,,,c5836565-52f4-11e4-aaab-000b6a4d90f4
,,,,c583d998-52f4-11e4-aaab-000b6a4d90f4
,,,,c584eddf-52f4-11e4-aaab-000b6a4d90f4
,,,,c586af34-52f4-11e4-aaab-000b6a4d90f4
,,,,c5887f73-52f4-11e4-aaab-000b6a4d90f4
,,,,c58a5f88-52f4-11e4-aaab-000b6a4d90f4
,,,,c58acf2e-52f4-11e4-aaab-000b6a4d90f4
,,,,c58bf8ec-52f4-11e4-aaab-000b6a4d90f4
,,,,c58ceef0-52f4-11e4-aaab-000b6a4d90f4
,,,,c58d7dfe-52f4-11e4-aaab-000b6a4d90f4
,,,,c58ed254-52f4-11e4-aaab-000b6a4d90f4
,,,,c58f4386-52f4-11e4-aaab-000b6a4d90f4
,,,,c5902b76-52f4-11e4-aaab-000b6a4d90f4
,,,,c5922b74-52f4-11e4-aaab-000b6a4d90f4
,,,,c5930ea0-52f4-11e4-aaab-000b6a4d90f4
,,,,c593adf8-52f4-11e4-aaab-000b6a4d90f4
,,,,c5941cd2-52f4-11e4-aaab-000b6a4d90f4
,,,,c5956d48-52f4-11e4-aaab-000b6a4d90f4
