group,Овощи,,,,1
Баклажан,18,100,,ed0e0169-52fa-11e4-aaab-000b6a4d90f4
Брокколи свежие,25,100,,ed0e70f0-52fa-11e4-aaab-000b6a4d90f4
Брюква,34,100,,ed0efa5a-52fa-11e4-aaab-000b6a4d90f4
Брюссельская капуста вареная,25,100,,ed0fc639-52fa-11e4-aaab-000b6a4d90f4
Брюссельская капуста свежая,34,100,,ed123330-52fa-11e4-aaab-000b6a4d90f4
Винегрет,92,100,,ed12aceb-52fa-11e4-aaab-000b6a4d90f4
Зеленый горошек вареный,62,100,,ed1331c8-52fa-11e4-aaab-000b6a4d90f4
Зеленый горошек свежий,79,100,,ed13a059-52fa-11e4-aaab-000b6a4d90f4
Итальянская капуста,38,100,,ed14826d-52fa-11e4-aaab-000b6a4d90f4
Кабачки,23,100,,ed163e0f-52fa-11e4-aaab-000b6a4d90f4
Кабачки вареные,15,100,,ed16ae8f-52fa-11e4-aaab-000b6a4d90f4
Кабачки жареные,88,100,,ed172072-52fa-11e4-aaab-000b6a4d90f4
Капуста белокачанная,29,100,,ed17df43-52fa-11e4-aaab-000b6a4d90f4
Капуста белокачанная поджаренная,69,100,,ed184e88-52fa-11e4-aaab-000b6a4d90f4
Капуста белокочанная тушеная,75,100,,ed1bf85e-52fa-11e4-aaab-000b6a4d90f4
Капуста краснокачанная,27,100,,ed1c6cd1-52fa-11e4-aaab-000b6a4d90f4
Картофель,80,100,,ed1ddd70-52fa-11e4-aaab-000b6a4d90f4
Картофель варёный,82,100,,ed1f10cb-52fa-11e4-aaab-000b6a4d90f4
Картофель жареный,192,100,,ed1f81a7-52fa-11e4-aaab-000b6a4d90f4
Картофель сладкий,61,100,,ed1ff13f-52fa-11e4-aaab-000b6a4d90f4
Картофельное пюре,74,100,,ed207d4a-52fa-11e4-aaab-000b6a4d90f4
Квашеная капуста,12,100,,ed22669a-52fa-11e4-aaab-000b6a4d90f4
Кольраби,29,100,,ed265b71-52fa-11e4-aaab-000b6a4d90f4
Кукуруза,97,100,,ed271bde-52fa-11e4-aaab-000b6a4d90f4
Морковь,31,100,,ed278b1c-52fa-11e4-aaab-000b6a4d90f4
Морковь вареная,25,100,,ed282b3b-52fa-11e4-aaab-000b6a4d90f4
Огурец,15,100,,ed28e7a1-52fa-11e4-aaab-000b6a4d90f4
Патиссоны,19,100,,ed2aa24e-52fa-11e4-aaab-000b6a4d90f4
Пекинская капуста,12,100,,ed2b121d-52fa-11e4-aaab-000b6a4d90f4
Перец болгарский,26,100,,ed2b8153-52fa-11e4-aaab-000b6a4d90f4
Перец зеленый сладкий,27,100,,ed30216b-52fa-11e4-aaab-000b6a4d90f4
Перец красный сладкий,26,100,,ed3135f0-52fa-11e4-aaab-000b6a4d90f4
"Петрушка, зелень",41,100,,ed32cb90-52fa-11e4-aaab-000b6a4d90f4
"Петрушка, корень",38,100,,ed33b672-52fa-11e4-aaab-000b6a4d90f4
Помидоры,19,100,,ed34ef26-52fa-11e4-aaab-000b6a4d90f4
Помидоры без кожицы консервированные,11,100,,ed388c76-52fa-11e4-aaab-000b6a4d90f4
Помидоры с кожицей консервированные,20,100,,ed3af6af-52fa-11e4-aaab-000b6a4d90f4
Помидоры соленые,16,100,,ed3bfadb-52fa-11e4-aaab-000b6a4d90f4
Ревень,9,100,,ed3ce39d-52fa-11e4-aaab-000b6a4d90f4
Редис,14,100,,ed3d9af2-52fa-11e4-aaab-000b6a4d90f4
Репа,26,100,,ed400e32-52fa-11e4-aaab-000b6a4d90f4
Салат,12,100,,ed42dbac-52fa-11e4-aaab-000b6a4d90f4
Свекла,37,100,,ed43d1f4-52fa-11e4-aaab-000b6a4d90f4
Свекла отварная,49,100,,ed44e31b-52fa-11e4-aaab-000b6a4d90f4
Свекольная ботва,17,100,,ed461a2c-52fa-11e4-aaab-000b6a4d90f4
"Сельдерей, зелень",13,100,,ed46ce39-52fa-11e4-aaab-000b6a4d90f4
"Сельдерей, корень",21,100,,ed489a48-52fa-11e4-aaab-000b6a4d90f4
Соленый огурец,11,100,,ed4b1a60-52fa-11e4-aaab-000b6a4d90f4
Спаржа,23,100,,ed4d16e3-52fa-11e4-aaab-000b6a4d90f4
Тыква,28,100,,ed4f3f57-52fa-11e4-aaab-000b6a4d90f4
Тыква жареная,76,100,,ed50348f-52fa-11e4-aaab-000b6a4d90f4
Фасоль белая свежая,102,100,,ed535207-52fa-11e4-aaab-000b6a4d90f4
Фасоль красная свежая,93,100,,ed56e222-52fa-11e4-aaab-000b6a4d90f4
Фасоль стручковая свежая,24,100,,ed57f211-52fa-11e4-aaab-000b6a4d90f4
Цветная капуста вареная,17,100,,ed59069b-52fa-11e4-aaab-000b6a4d90f4
Цветная капуста свежая,21,100,,ed5bfefb-52fa-11e4-aaab-000b6a4d90f4
Цуккини,16,100,,ed5f420b-52fa-11e4-aaab-000b6a4d90f4
Цуккини вареный,13,100,,ed602877-52fa-11e4-aaab-000b6a4d90f4
,,,,ed6142d7-52fa-11e4-aaab-000b6a4d90f4
,,,,ed631805-52fa-11e4-aaab-000b6a4d90f4
,,,,ed660d41-52fa-11e4-aaab-000b6a4d90f4
,,,,ed692dbe-52fa-11e4-aaab-000b6a4d90f4
,,,,ed6a9d6a-52fa-11e4-aaab-000b6a4d90f4
,,,,ed6ba63e-52fa-11e4-aaab-000b6a4d90f4
,,,,ed6f23c6-52fa-11e4-aaab-000b6a4d90f4
,,,,ed73dc9e-52fa-11e4-aaab-000b6a4d90f4
,,,,ed77c837-52fa-11e4-aaab-000b6a4d90f4
,,,,ed7d91c7-52fa-11e4-aaab-000b6a4d90f4
,,,,ed7ed64d-52fa-11e4-aaab-000b6a4d90f4
,,,,ed83ec6a-52fa-11e4-aaab-000b6a4d90f4
,,,,ed8684a3-52fa-11e4-aaab-000b6a4d90f4
,,,,ed86fa2b-52fa-11e4-aaab-000b6a4d90f4
,,,,ed87d923-52fa-11e4-aaab-000b6a4d90f4
,,,,ed884c3e-52fa-11e4-aaab-000b6a4d90f4
,,,,ed8c73bb-52fa-11e4-aaab-000b6a4d90f4
,,,,ed8f6e55-52fa-11e4-aaab-000b6a4d90f4
,,,,ed8fe034-52fa-11e4-aaab-000b6a4d90f4
,,,,ed909b24-52fa-11e4-aaab-000b6a4d90f4
,,,,ed927910-52fa-11e4-aaab-000b6a4d90f4
,,,,ed979292-52fa-11e4-aaab-000b6a4d90f4
,,,,ed987e2d-52fa-11e4-aaab-000b6a4d90f4
,,,,ed99b07e-52fa-11e4-aaab-000b6a4d90f4
,,,,ed9bd984-52fa-11e4-aaab-000b6a4d90f4
,,,,eda1016b-52fa-11e4-aaab-000b6a4d90f4
,,,,eda1ee4a-52fa-11e4-aaab-000b6a4d90f4
,,,,eda2d6cf-52fa-11e4-aaab-000b6a4d90f4
,,,,eda5f3ba-52fa-11e4-aaab-000b6a4d90f4
,,,,edaad6e1-52fa-11e4-aaab-000b6a4d90f4
,,,,edad8762-52fa-11e4-aaab-000b6a4d90f4
,,,,edb218bf-52fa-11e4-aaab-000b6a4d90f4
,,,,edb40a7c-52fa-11e4-aaab-000b6a4d90f4
,,,,edb62dd8-52fa-11e4-aaab-000b6a4d90f4
,,,,edb77327-52fa-11e4-aaab-000b6a4d90f4
,,,,edbb4d77-52fa-11e4-aaab-000b6a4d90f4
,,,,edbe2191-52fa-11e4-aaab-000b6a4d90f4
,,,,edbf195f-52fa-11e4-aaab-000b6a4d90f4
,,,,edbfebff-52fa-11e4-aaab-000b6a4d90f4
,,,,edc2ab41-52fa-11e4-aaab-000b6a4d90f4
,,,,edc47a58-52fa-11e4-aaab-000b6a4d90f4
,,,,edc73016-52fa-11e4-aaab-000b6a4d90f4
,,,,edc7d1d0-52fa-11e4-aaab-000b6a4d90f4
,,,,edc9af3c-52fa-11e4-aaab-000b6a4d90f4
,,,,edcef116-52fa-11e4-aaab-000b6a4d90f4
,,,,edd19760-52fa-11e4-aaab-000b6a4d90f4
,,,,edd34259-52fa-11e4-aaab-000b6a4d90f4
,,,,edd6214b-52fa-11e4-aaab-000b6a4d90f4
,,,,eddb50d9-52fa-11e4-aaab-000b6a4d90f4
,,,,eddd4a71-52fa-11e4-aaab-000b6a4d90f4
,,,,eddfc92f-52fa-11e4-aaab-000b6a4d90f4
,,,,ede3da87-52fa-11e4-aaab-000b6a4d90f4
,,,,ede4e613-52fa-11e4-aaab-000b6a4d90f4
,,,,ede7f662-52fa-11e4-aaab-000b6a4d90f4
,,,,eded60f9-52fa-11e4-aaab-000b6a4d90f4
,,,,edef43ac-52fa-11e4-aaab-000b6a4d90f4
,,,,edf2e431-52fa-11e4-aaab-000b6a4d90f4
,,,,edf6af13-52fa-11e4-aaab-000b6a4d90f4
,,,,edf86b8f-52fa-11e4-aaab-000b6a4d90f4
,,,,edfbd035-52fa-11e4-aaab-000b6a4d90f4
,,,,ee00e42f-52fa-11e4-aaab-000b6a4d90f4
,,,,ee030674-52fa-11e4-aaab-000b6a4d90f4
,,,,ee06c993-52fa-11e4-aaab-000b6a4d90f4
,,,,ee0aae76-52fa-11e4-aaab-000b6a4d90f4
,,,,ee0d01d3-52fa-11e4-aaab-000b6a4d90f4
,,,,ee130b3f-52fa-11e4-aaab-000b6a4d90f4
,,,,ee150109-52fa-11e4-aaab-000b6a4d90f4
,,,,ee26522e-52fa-11e4-aaab-000b6a4d90f4
,,,,ee2a70ba-52fa-11e4-aaab-000b6a4d90f4
,,,,ee2f3ef6-52fa-11e4-aaab-000b6a4d90f4
,,,,ee3199b6-52fa-11e4-aaab-000b6a4d90f4
,,,,ee34c637-52fa-11e4-aaab-000b6a4d90f4
,,,,ee39a1aa-52fa-11e4-aaab-000b6a4d90f4
,,,,ee3c9609-52fa-11e4-aaab-000b6a4d90f4
,,,,ee406083-52fa-11e4-aaab-000b6a4d90f4
,,,,ee43f390-52fa-11e4-aaab-000b6a4d90f4
,,,,ee473014-52fa-11e4-aaab-000b6a4d90f4
,,,,ee4ac7e3-52fa-11e4-aaab-000b6a4d90f4
,,,,ee4d28e4-52fa-11e4-aaab-000b6a4d90f4
,,,,ee505c38-52fa-11e4-aaab-000b6a4d90f4
,,,,ee55bae7-52fa-11e4-aaab-000b6a4d90f4
,,,,ee58406e-52fa-11e4-aaab-000b6a4d90f4
,,,,ee5a7ffd-52fa-11e4-aaab-000b6a4d90f4
,,,,ee5f8f78-52fa-11e4-aaab-000b6a4d90f4
,,,,ee627d7f-52fa-11e4-aaab-000b6a4d90f4
,,,,ee64a7e8-52fa-11e4-aaab-000b6a4d90f4
,,,,ee6af352-52fa-11e4-aaab-000b6a4d90f4
,,,,ee6d39f6-52fa-11e4-aaab-000b6a4d90f4
,,,,ee724144-52fa-11e4-aaab-000b6a4d90f4
,,,,ee7552e2-52fa-11e4-aaab-000b6a4d90f4
,,,,ee774c42-52fa-11e4-aaab-000b6a4d90f4
,,,,ee7cd21f-52fa-11e4-aaab-000b6a4d90f4
,,,,ee7e9ba5-52fa-11e4-aaab-000b6a4d90f4
,,,,ee8036c2-52fa-11e4-aaab-000b6a4d90f4
,,,,ee82d4f9-52fa-11e4-aaab-000b6a4d90f4
,,,,ee85f1da-52fa-11e4-aaab-000b6a4d90f4
,,,,ee892794-52fa-11e4-aaab-000b6a4d90f4
,,,,ee899e44-52fa-11e4-aaab-000b6a4d90f4
,,,,ee8a1077-52fa-11e4-aaab-000b6a4d90f4
,,,,ee8b5db2-52fa-11e4-aaab-000b6a4d90f4
,,,,ee8c9284-52fa-11e4-aaab-000b6a4d90f4
,,,,ee8d53c5-52fa-11e4-aaab-000b6a4d90f4
,,,,ee8dc617-52fa-11e4-aaab-000b6a4d90f4
,,,,ee915d7f-52fa-11e4-aaab-000b6a4d90f4
,,,,ee92649c-52fa-11e4-aaab-000b6a4d90f4
,,,,ee9393dd-52fa-11e4-aaab-000b6a4d90f4
,,,,ee9469d7-52fa-11e4-aaab-000b6a4d90f4
,,,,ee95a7ac-52fa-11e4-aaab-000b6a4d90f4
,,,,ee96a39a-52fa-11e4-aaab-000b6a4d90f4
,,,,ee9b0b34-52fa-11e4-aaab-000b6a4d90f4
,,,,ee9c6c99-52fa-11e4-aaab-000b6a4d90f4
,,,,ee9dee49-52fa-11e4-aaab-000b6a4d90f4
,,,,ee9f50dd-52fa-11e4-aaab-000b6a4d90f4
,,,,ee9ff017-52fa-11e4-aaab-000b6a4d90f4
,,,,eea0fa5c-52fa-11e4-aaab-000b6a4d90f4
,,,,eea4e17b-52fa-11e4-aaab-000b6a4d90f4
,,,,eea60dcf-52fa-11e4-aaab-000b6a4d90f4
,,,,eea7512d-52fa-11e4-aaab-000b6a4d90f4
,,,,eea8b04b-52fa-11e4-aaab-000b6a4d90f4
,,,,eea9f753-52fa-11e4-aaab-000b6a4d90f4
,,,,eeae1dfe-52fa-11e4-aaab-000b6a4d90f4
,,,,eeaf10da-52fa-11e4-aaab-000b6a4d90f4
,,,,eeb1e2df-52fa-11e4-aaab-000b6a4d90f4
,,,,eeb2c866-52fa-11e4-aaab-000b6a4d90f4
,,,,eeb41048-52fa-11e4-aaab-000b6a4d90f4
,,,,eeb82237-52fa-11e4-aaab-000b6a4d90f4
,,,,eeb92e5f-52fa-11e4-aaab-000b6a4d90f4
,,,,eeba1cc5-52fa-11e4-aaab-000b6a4d90f4
,,,,eebb22e2-52fa-11e4-aaab-000b6a4d90f4
,,,,eebcd402-52fa-11e4-aaab-000b6a4d90f4
,,,,eec20668-52fa-11e4-aaab-000b6a4d90f4
,,,,eec4bcfb-52fa-11e4-aaab-000b6a4d90f4
,,,,eecb3961-52fa-11e4-aaab-000b6a4d90f4
,,,,eecc7cd2-52fa-11e4-aaab-000b6a4d90f4
,,,,eece16c7-52fa-11e4-aaab-000b6a4d90f4
,,,,eecf6923-52fa-11e4-aaab-000b6a4d90f4
,,,,eed197a1-52fa-11e4-aaab-000b6a4d90f4
,,,,eed3f2e4-52fa-11e4-aaab-000b6a4d90f4
,,,,eed48e0f-52fa-11e4-aaab-000b6a4d90f4
,,,,eed5c537-52fa-11e4-aaab-000b6a4d90f4
,,,,eed674c1-52fa-11e4-aaab-000b6a4d90f4
,,,,eed82247-52fa-11e4-aaab-000b6a4d90f4
,,,,eed962f8-52fa-11e4-aaab-000b6a4d90f4
,,,,eedc72c4-52fa-11e4-aaab-000b6a4d90f4
,,,,eedd6951-52fa-11e4-aaab-000b6a4d90f4
,,,,eede381c-52fa-11e4-aaab-000b6a4d90f4
,,,,eedeab1c-52fa-11e4-aaab-000b6a4d90f4
,,,,eedf3012-52fa-11e4-aaab-000b6a4d90f4
,,,,eee0f5fe-52fa-11e4-aaab-000b6a4d90f4
,,,,eee1ad64-52fa-11e4-aaab-000b6a4d90f4
,,,,eee2be01-52fa-11e4-aaab-000b6a4d90f4
,,,,eee604b3-52fa-11e4-aaab-000b6a4d90f4
,,,,eee69b86-52fa-11e4-aaab-000b6a4d90f4
,,,,eee7102b-52fa-11e4-aaab-000b6a4d90f4
,,,,eee89a4b-52fa-11e4-aaab-000b6a4d90f4
,,,,eee9f745-52fa-11e4-aaab-000b6a4d90f4
,,,,eeeab34b-52fa-11e4-aaab-000b6a4d90f4
,,,,eeebbfdb-52fa-11e4-aaab-000b6a4d90f4
,,,,eeeca8be-52fa-11e4-aaab-000b6a4d90f4
,,,,eef04db1-52fa-11e4-aaab-000b6a4d90f4
,,,,eef19dc3-52fa-11e4-aaab-000b6a4d90f4
,,,,eef281cb-52fa-11e4-aaab-000b6a4d90f4
,,,,eef32015-52fa-11e4-aaab-000b6a4d90f4
,,,,eef48587-52fa-11e4-aaab-000b6a4d90f4
,,,,eef5fc2e-52fa-11e4-aaab-000b6a4d90f4
,,,,eef6716d-52fa-11e4-aaab-000b6a4d90f4
,,,,eef9e1ca-52fa-11e4-aaab-000b6a4d90f4
,,,,eefa9ba7-52fa-11e4-aaab-000b6a4d90f4
,,,,eefc209a-52fa-11e4-aaab-000b6a4d90f4
,,,,eefe1364-52fa-11e4-aaab-000b6a4d90f4
,,,,eefed05b-52fa-11e4-aaab-000b6a4d90f4
,,,,ef00cb7a-52fa-11e4-aaab-000b6a4d90f4
,,,,ef02f329-52fa-11e4-aaab-000b6a4d90f4
,,,,ef039108-52fa-11e4-aaab-000b6a4d90f4
,,,,ef046c9b-52fa-11e4-aaab-000b6a4d90f4
,,,,ef055953-52fa-11e4-aaab-000b6a4d90f4
,,,,ef06cb55-52fa-11e4-aaab-000b6a4d90f4
,,,,ef0819a7-52fa-11e4-aaab-000b6a4d90f4
,,,,ef0c73ed-52fa-11e4-aaab-000b6a4d90f4
,,,,ef0d8452-52fa-11e4-aaab-000b6a4d90f4
,,,,ef0ea8ef-52fa-11e4-aaab-000b6a4d90f4
,,,,ef0f73dd-52fa-11e4-aaab-000b6a4d90f4
,,,,ef10b369-52fa-11e4-aaab-000b6a4d90f4
,,,,ef12678f-52fa-11e4-aaab-000b6a4d90f4
,,,,ef16a671-52fa-11e4-aaab-000b6a4d90f4
,,,,ef1726c6-52fa-11e4-aaab-000b6a4d90f4
,,,,ef18332f-52fa-11e4-aaab-000b6a4d90f4
,,,,ef1adb78-52fa-11e4-aaab-000b6a4d90f4
,,,,ef1c7d1c-52fa-11e4-aaab-000b6a4d90f4
,,,,ef1f89e4-52fa-11e4-aaab-000b6a4d90f4
,,,,ef20723c-52fa-11e4-aaab-000b6a4d90f4
,,,,ef22b2b8-52fa-11e4-aaab-000b6a4d90f4
,,,,ef23f87f-52fa-11e4-aaab-000b6a4d90f4
,,,,ef257028-52fa-11e4-aaab-000b6a4d90f4
,,,,ef29dea6-52fa-11e4-aaab-000b6a4d90f4
,,,,ef2ba1f5-52fa-11e4-aaab-000b6a4d90f4
,,,,ef2c96e7-52fa-11e4-aaab-000b6a4d90f4
,,,,ef2decc9-52fa-11e4-aaab-000b6a4d90f4
,,,,ef33dfc3-52fa-11e4-aaab-000b6a4d90f4
,,,,ef345404-52fa-11e4-aaab-000b6a4d90f4
,,,,ef352b12-52fa-11e4-aaab-000b6a4d90f4
,,,,ef36854f-52fa-11e4-aaab-000b6a4d90f4
,,,,ef3aa645-52fa-11e4-aaab-000b6a4d90f4
,,,,ef3d1069-52fa-11e4-aaab-000b6a4d90f4
,,,,ef3df2c0-52fa-11e4-aaab-000b6a4d90f4
,,,,ef400c7c-52fa-11e4-aaab-000b6a4d90f4
,,,,ef4452da-52fa-11e4-aaab-000b6a4d90f4
,,,,ef46c3ef-52fa-11e4-aaab-000b6a4d90f4
,,,,ef47e6bf-52fa-11e4-aaab-000b6a4d90f4
,,,,ef4d3645-52fa-11e4-aaab-000b6a4d90f4
,,,,ef4e7718-52fa-11e4-aaab-000b6a4d90f4
,,,,ef4fd12e-52fa-11e4-aaab-000b6a4d90f4
,,,,ef51f66a-52fa-11e4-aaab-000b6a4d90f4
,,,,ef533193-52fa-11e4-aaab-000b6a4d90f4
,,,,ef546d4d-52fa-11e4-aaab-000b6a4d90f4
,,,,ef57c1e3-52fa-11e4-aaab-000b6a4d90f4
,,,,ef59beff-52fa-11e4-aaab-000b6a4d90f4
,,,,ef5b1d7e-52fa-11e4-aaab-000b6a4d90f4
,,,,ef5bee40-52fa-11e4-aaab-000b6a4d90f4
,,,,ef5ce71e-52fa-11e4-aaab-000b6a4d90f4
,,,,ef6042e2-52fa-11e4-aaab-000b6a4d90f4
,,,,ef61431d-52fa-11e4-aaab-000b6a4d90f4
,,,,ef648fc2-52fa-11e4-aaab-000b6a4d90f4
,,,,ef698bb7-52fa-11e4-aaab-000b6a4d90f4
,,,,ef6ca052-52fa-11e4-aaab-000b6a4d90f4
,,,,ef6d4e58-52fa-11e4-aaab-000b6a4d90f4
,,,,ef6ea102-52fa-11e4-aaab-000b6a4d90f4
,,,,ef6ff03a-52fa-11e4-aaab-000b6a4d90f4
,,,,ef737ac4-52fa-11e4-aaab-000b6a4d90f4
,,,,ef764999-52fa-11e4-aaab-000b6a4d90f4
,,,,ef77b7d1-52fa-11e4-aaab-000b6a4d90f4
,,,,ef78d465-52fa-11e4-aaab-000b6a4d90f4
,,,,ef7b81f7-52fa-11e4-aaab-000b6a4d90f4
,,,,ef7f3116-52fa-11e4-aaab-000b6a4d90f4
,,,,ef807247-52fa-11e4-aaab-000b6a4d90f4
,,,,ef810240-52fa-11e4-aaab-000b6a4d90f4
,,,,ef825895-52fa-11e4-aaab-000b6a4d90f4
,,,,ef877041-52fa-11e4-aaab-000b6a4d90f4
,,,,ef88ae32-52fa-11e4-aaab-000b6a4d90f4
,,,,ef89be5f-52fa-11e4-aaab-000b6a4d90f4
,,,,ef8b2a47-52fa-11e4-aaab-000b6a4d90f4
,,,,ef8f7c4a-52fa-11e4-aaab-000b6a4d90f4
,,,,ef9200ea-52fa-11e4-aaab-000b6a4d90f4
,,,,ef935f55-52fa-11e4-aaab-000b6a4d90f4
,,,,ef945d69-52fa-11e4-aaab-000b6a4d90f4
,,,,ef955429-52fa-11e4-aaab-000b6a4d90f4
,,,,ef9ac500-52fa-11e4-aaab-000b6a4d90f4
,,,,ef9c1d84-52fa-11e4-aaab-000b6a4d90f4
,,,,ef9d0e50-52fa-11e4-aaab-000b6a4d90f4
,,,,ef9df08e-52fa-11e4-aaab-000b6a4d90f4
,,,,efa22a58-52fa-11e4-aaab-000b6a4d90f4
,,,,efa4e356-52fa-11e4-aaab-000b6a4d90f4
,,,,efa56bbc-52fa-11e4-aaab-000b6a4d90f4
,,,,efa6bc86-52fa-11e4-aaab-000b6a4d90f4
,,,,efa93b2e-52fa-11e4-aaab-000b6a4d90f4
,,,,efad0c7a-52fa-11e4-aaab-000b6a4d90f4
,,,,efae2a7d-52fa-11e4-aaab-000b6a4d90f4
,,,,efaf0180-52fa-11e4-aaab-000b6a4d90f4
,,,,efb0c4bd-52fa-11e4-aaab-000b6a4d90f4
,,,,efb31018-52fa-11e4-aaab-000b6a4d90f4
,,,,efb71d26-52fa-11e4-aaab-000b6a4d90f4
,,,,efb86330-52fa-11e4-aaab-000b6a4d90f4
,,,,efb8d638-52fa-11e4-aaab-000b6a4d90f4
,,,,efba032e-52fa-11e4-aaab-000b6a4d90f4
,,,,efbcc629-52fa-11e4-aaab-000b6a4d90f4
,,,,efc075a1-52fa-11e4-aaab-000b6a4d90f4
,,,,efc189e5-52fa-11e4-aaab-000b6a4d90f4
,,,,efc254d1-52fa-11e4-aaab-000b6a4d90f4
,,,,efc337ab-52fa-11e4-aaab-000b6a4d90f4
,,,,efc4a675-52fa-11e4-aaab-000b6a4d90f4
,,,,efc79628-52fa-11e4-aaab-000b6a4d90f4
,,,,efca9105-52fa-11e4-aaab-000b6a4d90f4
,,,,efcb90c2-52fa-11e4-aaab-000b6a4d90f4
,,,,efcc05a5-52fa-11e4-aaab-000b6a4d90f4
,,,,efcc78c3-52fa-11e4-aaab-000b6a4d90f4
,,,,efccec19-52fa-11e4-aaab-000b6a4d90f4
,,,,efce0bae-52fa-11e4-aaab-000b6a4d90f4
,,,,efcf3fb4-52fa-11e4-aaab-000b6a4d90f4
,,,,efcffa06-52fa-11e4-aaab-000b6a4d90f4
,,,,efd06df6-52fa-11e4-aaab-000b6a4d90f4
,,,,efd0e083-52fa-11e4-aaab-000b6a4d90f4
,,,,efd3f73c-52fa-11e4-aaab-000b6a4d90f4
,,,,efd46e6d-52fa-11e4-aaab-000b6a4d90f4
,,,,efd4e0e3-52fa-11e4-aaab-000b6a4d90f4
,,,,efd58145-52fa-11e4-aaab-000b6a4d90f4
,,,,efd66d2c-52fa-11e4-aaab-000b6a4d90f4
,,,,efd83957-52fa-11e4-aaab-000b6a4d90f4
,,,,efd8d70f-52fa-11e4-aaab-000b6a4d90f4
,,,,efd973bc-52fa-11e4-aaab-000b6a4d90f4
,,,,efda7819-52fa-11e4-aaab-000b6a4d90f4
,,,,efddc1c3-52fa-11e4-aaab-000b6a4d90f4
,,,,efde7ea1-52fa-11e4-aaab-000b6a4d90f4
,,,,efdf3562-52fa-11e4-aaab-000b6a4d90f4
,,,,efe10c60-52fa-11e4-aaab-000b6a4d90f4
,,,,efe18239-52fa-11e4-aaab-000b6a4d90f4
,,,,efe2475f-52fa-11e4-aaab-000b6a4d90f4
,,,,efe5cf59-52fa-11e4-aaab-000b6a4d90f4
,,,,efe75096-52fa-11e4-aaab-000b6a4d90f4
,,,,efe837d9-52fa-11e4-aaab-000b6a4d90f4
,,,,efe91114-52fa-11e4-aaab-000b6a4d90f4
,,,,efe9eed8-52fa-11e4-aaab-000b6a4d90f4
,,,,efea62ef-52fa-11e4-aaab-000b6a4d90f4
,,,,efeaee6c-52fa-11e4-aaab-000b6a4d90f4
,,,,efeb7b45-52fa-11e4-aaab-000b6a4d90f4
,,,,efec0f12-52fa-11e4-aaab-000b6a4d90f4
,,,,efec811f-52fa-11e4-aaab-000b6a4d90f4
,,,,eff04a3f-52fa-11e4-aaab-000b6a4d90f4
,,,,eff0bd62-52fa-11e4-aaab-000b6a4d90f4
,,,,eff1304e-52fa-11e4-aaab-000b6a4d90f4
,,,,eff20a7f-52fa-11e4-aaab-000b6a4d90f4
,,,,eff3d440-52fa-11e4-aaab-000b6a4d90f4
,,,,eff446c7-52fa-11e4-aaab-000b6a4d90f4
,,,,eff4c991-52fa-11e4-aaab-000b6a4d90f4
,,,,eff53e0f-52fa-11e4-aaab-000b6a4d90f4
,,,,eff5b0b8-52fa-11e4-aaab-000b6a4d90f4
,,,,eff623af-52fa-11e4-aaab-000b6a4d90f4
,,,,eff695a3-52fa-11e4-aaab-000b6a4d90f4
,,,,eff9fc9f-52fa-11e4-aaab-000b6a4d90f4
,,,,effa9f6e-52fa-11e4-aaab-000b6a4d90f4
,,,,effb1193-52fa-11e4-aaab-000b6a4d90f4
,,,,effb852c-52fa-11e4-aaab-000b6a4d90f4
,,,,effbf824-52fa-11e4-aaab-000b6a4d90f4
,,,,effc95f3-52fa-11e4-aaab-000b6a4d90f4
,,,,effd84b5-52fa-11e4-aaab-000b6a4d90f4
,,,,f00000dd-52fa-11e4-aaab-000b6a4d90f4
,,,,f0050d4c-52fa-11e4-aaab-000b6a4d90f4
,,,,f006920d-52fa-11e4-aaab-000b6a4d90f4
,,,,f0070438-52fa-11e4-aaab-000b6a4d90f4
,,,,f007a2d9-52fa-11e4-aaab-000b6a4d90f4
,,,,f008d004-52fa-11e4-aaab-000b6a4d90f4
,,,,f00aa644-52fa-11e4-aaab-000b6a4d90f4
,,,,f00d2215-52fa-11e4-aaab-000b6a4d90f4
,,,,f00f03e1-52fa-11e4-aaab-000b6a4d90f4
,,,,f00f79a9-52fa-11e4-aaab-000b6a4d90f4
,,,,f00feaaf-52fa-11e4-aaab-000b6a4d90f4
,,,,f0108eb3-52fa-11e4-aaab-000b6a4d90f4
,,,,f0116d33-52fa-11e4-aaab-000b6a4d90f4
,,,,f01277bb-52fa-11e4-aaab-000b6a4d90f4
,,,,f0163c8e-52fa-11e4-aaab-000b6a4d90f4
,,,,f01764e9-52fa-11e4-aaab-000b6a4d90f4
,,,,f018cf45-52fa-11e4-aaab-000b6a4d90f4
,,,,f0195ea6-52fa-11e4-aaab-000b6a4d90f4
,,,,f019d4d6-52fa-11e4-aaab-000b6a4d90f4
,,,,f01a6d97-52fa-11e4-aaab-000b6a4d90f4
,,,,f01ae0c6-52fa-11e4-aaab-000b6a4d90f4
,,,,f01bad12-52fa-11e4-aaab-000b6a4d90f4
,,,,f01e8bd0-52fa-11e4-aaab-000b6a4d90f4
,,,,f0205daa-52fa-11e4-aaab-000b6a4d90f4
,,,,f0223d5a-52fa-11e4-aaab-000b6a4d90f4
,,,,f02382bd-52fa-11e4-aaab-000b6a4d90f4
,,,,f023f544-52fa-11e4-aaab-000b6a4d90f4
,,,,f0249274-52fa-11e4-aaab-000b6a4d90f4
,,,,f0257f80-52fa-11e4-aaab-000b6a4d90f4
,,,,f029adbd-52fa-11e4-aaab-000b6a4d90f4
,,,,f02af392-52fa-11e4-aaab-000b6a4d90f4
,,,,f02c6fef-52fa-11e4-aaab-000b6a4d90f4
,,,,f02cf2ee-52fa-11e4-aaab-000b6a4d90f4
,,,,f02d6349-52fa-11e4-aaab-000b6a4d90f4
,,,,f02f122f-52fa-11e4-aaab-000b6a4d90f4
,,,,f0330eaa-52fa-11e4-aaab-000b6a4d90f4
,,,,f0343ef1-52fa-11e4-aaab-000b6a4d90f4
,,,,f034d94e-52fa-11e4-aaab-000b6a4d90f4
,,,,f0360668-52fa-11e4-aaab-000b6a4d90f4
,,,,f036cb83-52fa-11e4-aaab-000b6a4d90f4
,,,,f0373de9-52fa-11e4-aaab-000b6a4d90f4
,,,,f039a1c0-52fa-11e4-aaab-000b6a4d90f4
,,,,f03e5f5a-52fa-11e4-aaab-000b6a4d90f4
,,,,f0401f17-52fa-11e4-aaab-000b6a4d90f4
,,,,f0410cf2-52fa-11e4-aaab-000b6a4d90f4
,,,,f042e6f3-52fa-11e4-aaab-000b6a4d90f4
,,,,f0471b44-52fa-11e4-aaab-000b6a4d90f4
,,,,f047b372-52fa-11e4-aaab-000b6a4d90f4
,,,,f048dcbb-52fa-11e4-aaab-000b6a4d90f4
,,,,f04a47c0-52fa-11e4-aaab-000b6a4d90f4
,,,,f04c958d-52fa-11e4-aaab-000b6a4d90f4
,,,,f050616c-52fa-11e4-aaab-000b6a4d90f4
,,,,f050d7b5-52fa-11e4-aaab-000b6a4d90f4
,,,,f0516fc3-52fa-11e4-aaab-000b6a4d90f4
,,,,f05294ba-52fa-11e4-aaab-000b6a4d90f4
,,,,f053aec1-52fa-11e4-aaab-000b6a4d90f4
,,,,f055f7ce-52fa-11e4-aaab-000b6a4d90f4
,,,,f0576ccd-52fa-11e4-aaab-000b6a4d90f4
,,,,f05aa00d-52fa-11e4-aaab-000b6a4d90f4
,,,,f05c9ade-52fa-11e4-aaab-000b6a4d90f4
,,,,f05de74b-52fa-11e4-aaab-000b6a4d90f4
,,,,f0603b79-52fa-11e4-aaab-000b6a4d90f4
,,,,f063380a-52fa-11e4-aaab-000b6a4d90f4
,,,,f0640775-52fa-11e4-aaab-000b6a4d90f4
,,,,f0651cdf-52fa-11e4-aaab-000b6a4d90f4
,,,,f065d29f-52fa-11e4-aaab-000b6a4d90f4
,,,,f0679df5-52fa-11e4-aaab-000b6a4d90f4
,,,,f0699392-52fa-11e4-aaab-000b6a4d90f4
,,,,f06c4e2e-52fa-11e4-aaab-000b6a4d90f4
,,,,f06ce9d1-52fa-11e4-aaab-000b6a4d90f4
,,,,f06e2a82-52fa-11e4-aaab-000b6a4d90f4
,,,,f06fe436-52fa-11e4-aaab-000b6a4d90f4
,,,,f0717f3d-52fa-11e4-aaab-000b6a4d90f4
,,,,f075f0d8-52fa-11e4-aaab-000b6a4d90f4
,,,,f0766729-52fa-11e4-aaab-000b6a4d90f4
,,,,f076ec4b-52fa-11e4-aaab-000b6a4d90f4
,,,,f07866b7-52fa-11e4-aaab-000b6a4d90f4
,,,,f07a0dab-52fa-11e4-aaab-000b6a4d90f4
,,,,f07fa34c-52fa-11e4-aaab-000b6a4d90f4
,,,,f0810306-52fa-11e4-aaab-000b6a4d90f4
,,,,f08215be-52fa-11e4-aaab-000b6a4d90f4
,,,,f084e091-52fa-11e4-aaab-000b6a4d90f4
,,,,f087b25d-52fa-11e4-aaab-000b6a4d90f4
,,,,f0896067-52fa-11e4-aaab-000b6a4d90f4
,,,,f08aad59-52fa-11e4-aaab-000b6a4d90f4
,,,,f08c455d-52fa-11e4-aaab-000b6a4d90f4
,,,,f08e13bf-52fa-11e4-aaab-000b6a4d90f4
,,,,f0909aec-52fa-11e4-aaab-000b6a4d90f4
,,,,f092bd82-52fa-11e4-aaab-000b6a4d90f4
,,,,f093dbfd-52fa-11e4-aaab-000b6a4d90f4
,,,,f096dda0-52fa-11e4-aaab-000b6a4d90f4
,,,,f098493a-52fa-11e4-aaab-000b6a4d90f4
,,,,f0994220-52fa-11e4-aaab-000b6a4d90f4
,,,,f099bf7a-52fa-11e4-aaab-000b6a4d90f4
,,,,f09a3cf7-52fa-11e4-aaab-000b6a4d90f4
,,,,f09ad227-52fa-11e4-aaab-000b6a4d90f4
,,,,f09b5725-52fa-11e4-aaab-000b6a4d90f4
,,,,f09bc898-52fa-11e4-aaab-000b6a4d90f4
,,,,f09c4187-52fa-11e4-aaab-000b6a4d90f4
,,,,f09cb8a6-52fa-11e4-aaab-000b6a4d90f4
,,,,f09d2dda-52fa-11e4-aaab-000b6a4d90f4
,,,,f09da3a2-52fa-11e4-aaab-000b6a4d90f4
,,,,f09e227e-52fa-11e4-aaab-000b6a4d90f4
,,,,f09ea016-52fa-11e4-aaab-000b6a4d90f4
,,,,f09f1fa3-52fa-11e4-aaab-000b6a4d90f4
,,,,f0a09f45-52fa-11e4-aaab-000b6a4d90f4
,,,,f0a11ca3-52fa-11e4-aaab-000b6a4d90f4
,,,,f0a196b5-52fa-11e4-aaab-000b6a4d90f4
,,,,f0a20f0d-52fa-11e4-aaab-000b6a4d90f4
,,,,f0a28151-52fa-11e4-aaab-000b6a4d90f4
,,,,f0a2fb5b-52fa-11e4-aaab-000b6a4d90f4
,,,,f0a370b0-52fa-11e4-aaab-000b6a4d90f4
,,,,f0a3eaa9-52fa-11e4-aaab-000b6a4d90f4
,,,,f0a460a8-52fa-11e4-aaab-000b6a4d90f4
,,,,f0a4d9de-52fa-11e4-aaab-000b6a4d90f4
,,,,f0a54f3e-52fa-11e4-aaab-000b6a4d90f4
,,,,f0a89ebc-52fa-11e4-aaab-000b6a4d90f4
,,,,f0a96c03-52fa-11e4-aaab-000b6a4d90f4
,,,,f0aa2a17-52fa-11e4-aaab-000b6a4d90f4
,,,,f0aaebec-52fa-11e4-aaab-000b6a4d90f4
,,,,f0abf833-52fa-11e4-aaab-000b6a4d90f4
,,,,f0ad8744-52fa-11e4-aaab-000b6a4d90f4
,,,,f0ae57b6-52fa-11e4-aaab-000b6a4d90f4
,,,,f0b22b0f-52fa-11e4-aaab-000b6a4d90f4
,,,,f0b3650a-52fa-11e4-aaab-000b6a4d90f4
,,,,f0b3d7c6-52fa-11e4-aaab-000b6a4d90f4
,,,,f0b44b00-52fa-11e4-aaab-000b6a4d90f4
,,,,f0b4bcd5-52fa-11e4-aaab-000b6a4d90f4
,,,,f0b626b3-52fa-11e4-aaab-000b6a4d90f4
,,,,f0b7a756-52fa-11e4-aaab-000b6a4d90f4
,,,,f0bbc762-52fa-11e4-aaab-000b6a4d90f4
,,,,f0bc7982-52fa-11e4-aaab-000b6a4d90f4
,,,,f0bcec87-52fa-11e4-aaab-000b6a4d90f4
,,,,f0bd5dd6-52fa-11e4-aaab-000b6a4d90f4
,,,,f0bf184d-52fa-11e4-aaab-000b6a4d90f4
,,,,f0c0239f-52fa-11e4-aaab-000b6a4d90f4
,,,,f0c096d9-52fa-11e4-aaab-000b6a4d90f4
,,,,f0c17383-52fa-11e4-aaab-000b6a4d90f4
,,,,f0c41b54-52fa-11e4-aaab-000b6a4d90f4
,,,,f0c5173a-52fa-11e4-aaab-000b6a4d90f4
,,,,f0c696ca-52fa-11e4-aaab-000b6a4d90f4
,,,,f0c7dd89-52fa-11e4-aaab-000b6a4d90f4
,,,,f0c86116-52fa-11e4-aaab-000b6a4d90f4
,,,,f0c91bfd-52fa-11e4-aaab-000b6a4d90f4
,,,,f0cabb94-52fa-11e4-aaab-000b6a4d90f4
,,,,f0ccd88b-52fa-11e4-aaab-000b6a4d90f4
,,,,f0ce421a-52fa-11e4-aaab-000b6a4d90f4
,,,,f0cf81ff-52fa-11e4-aaab-000b6a4d90f4
,,,,f0cff542-52fa-11e4-aaab-000b6a4d90f4
,,,,f0d08e65-52fa-11e4-aaab-000b6a4d90f4
,,,,f0d1265d-52fa-11e4-aaab-000b6a4d90f4
,,,,f0d2a114-52fa-11e4-aaab-000b6a4d90f4
,,,,f0d3987b-52fa-11e4-aaab-000b6a4d90f4
,,,,f0d44a83-52fa-11e4-aaab-000b6a4d90f4
,,,,f0d67564-52fa-11e4-aaab-000b6a4d90f4
,,,,f0d7e486-52fa-11e4-aaab-000b6a4d90f4
,,,,f0d87e3b-52fa-11e4-aaab-000b6a4d90f4
,,,,f0d91912-52fa-11e4-aaab-000b6a4d90f4
,,,,f0da8d42-52fa-11e4-aaab-000b6a4d90f4
,,,,f0dbbaab-52fa-11e4-aaab-000b6a4d90f4
,,,,f0dc5771-52fa-11e4-aaab-000b6a4d90f4
,,,,f0dcf0b5-52fa-11e4-aaab-000b6a4d90f4
,,,,f0ddd94a-52fa-11e4-aaab-000b6a4d90f4
,,,,f0e10ec1-52fa-11e4-aaab-000b6a4d90f4
,,,,f0e1ba24-52fa-11e4-aaab-000b6a4d90f4
,,,,f0e3cf10-52fa-11e4-aaab-000b6a4d90f4
,,,,f0e46945-52fa-11e4-aaab-000b6a4d90f4
,,,,f0e5554f-52fa-11e4-aaab-000b6a4d90f4
,,,,f0e673e6-52fa-11e4-aaab-000b6a4d90f4
,,,,f0ea2a2b-52fa-11e4-aaab-000b6a4d90f4
,,,,f0ebc914-52fa-11e4-aaab-000b6a4d90f4
,,,,f0ec46f5-52fa-11e4-aaab-000b6a4d90f4
,,,,f0ecfedb-52fa-11e4-aaab-000b6a4d90f4
,,,,f0ee51d4-52fa-11e4-aaab-000b6a4d90f4
,,,,f0efb49c-52fa-11e4-aaab-000b6a4d90f4
,,,,f0f03cff-52fa-11e4-aaab-000b6a4d90f4
,,,,f0f1bc70-52fa-11e4-aaab-000b6a4d90f4
,,,,f0f4221a-52fa-11e4-aaab-000b6a4d90f4
,,,,f0f4ebc2-52fa-11e4-aaab-000b6a4d90f4
,,,,f0f5b516-52fa-11e4-aaab-000b6a4d90f4
,,,,f0f67ab4-52fa-11e4-aaab-000b6a4d90f4
,,,,f0f82739-52fa-11e4-aaab-000b6a4d90f4
,,,,f0f8ee6f-52fa-11e4-aaab-000b6a4d90f4
,,,,f0f9ef79-52fa-11e4-aaab-000b6a4d90f4
,,,,f0fd85f9-52fa-11e4-aaab-000b6a4d90f4
,,,,f0fe4ee0-52fa-11e4-aaab-000b6a4d90f4
,,,,f0ff8d49-52fa-11e4-aaab-000b6a4d90f4
,,,,f100c103-52fa-11e4-aaab-000b6a4d90f4
,,,,f101b2d1-52fa-11e4-aaab-000b6a4d90f4
,,,,f1027a50-52fa-11e4-aaab-000b6a4d90f4
,,,,f104e2a6-52fa-11e4-aaab-000b6a4d90f4
,,,,f1074769-52fa-11e4-aaab-000b6a4d90f4
,,,,f108dd57-52fa-11e4-aaab-000b6a4d90f4
,,,,f1096b2f-52fa-11e4-aaab-000b6a4d90f4
,,,,f109dcd4-52fa-11e4-aaab-000b6a4d90f4
,,,,f10a9268-52fa-11e4-aaab-000b6a4d90f4
,,,,f10b97f0-52fa-11e4-aaab-000b6a4d90f4
,,,,f10d3fab-52fa-11e4-aaab-000b6a4d90f4
,,,,f110e3a8-52fa-11e4-aaab-000b6a4d90f4
,,,,f1119cd5-52fa-11e4-aaab-000b6a4d90f4
,,,,f112fe03-52fa-11e4-aaab-000b6a4d90f4
,,,,f113bac2-52fa-11e4-aaab-000b6a4d90f4
,,,,f115ffea-52fa-11e4-aaab-000b6a4d90f4
,,,,f119bd35-52fa-11e4-aaab-000b6a4d90f4
,,,,f11b01f0-52fa-11e4-aaab-000b6a4d90f4
,,,,f11bc6d9-52fa-11e4-aaab-000b6a4d90f4
,,,,f11cfd0d-52fa-11e4-aaab-000b6a4d90f4
,,,,f11dd4f5-52fa-11e4-aaab-000b6a4d90f4
,,,,f11e7066-52fa-11e4-aaab-000b6a4d90f4
,,,,f11f2890-52fa-11e4-aaab-000b6a4d90f4
,,,,f120bdfe-52fa-11e4-aaab-000b6a4d90f4
,,,,f12396f8-52fa-11e4-aaab-000b6a4d90f4
,,,,f124193f-52fa-11e4-aaab-000b6a4d90f4
,,,,f124df58-52fa-11e4-aaab-000b6a4d90f4
,,,,f1263e8c-52fa-11e4-aaab-000b6a4d90f4
,,,,f1272d70-52fa-11e4-aaab-000b6a4d90f4
,,,,f1287a81-52fa-11e4-aaab-000b6a4d90f4
,,,,f12938dd-52fa-11e4-aaab-000b6a4d90f4
,,,,f12d0ec7-52fa-11e4-aaab-000b6a4d90f4
,,,,f12dd117-52fa-11e4-aaab-000b6a4d90f4
,,,,f12e4571-52fa-11e4-aaab-000b6a4d90f4
,,,,f12eb719-52fa-11e4-aaab-000b6a4d90f4
,,,,f12fa9c3-52fa-11e4-aaab-000b6a4d90f4
,,,,f130d91a-52fa-11e4-aaab-000b6a4d90f4
,,,,f131b023-52fa-11e4-aaab-000b6a4d90f4
,,,,f1345880-52fa-11e4-aaab-000b6a4d90f4
,,,,f1368e32-52fa-11e4-aaab-000b6a4d90f4
,,,,f137525f-52fa-11e4-aaab-000b6a4d90f4
,,,,f13848bd-52fa-11e4-aaab-000b6a4d90f4
,,,,f138bcef-52fa-11e4-aaab-000b6a4d90f4
,,,,f1396e74-52fa-11e4-aaab-000b6a4d90f4
,,,,f13fcbbd-52fa-11e4-aaab-000b6a4d90f4
,,,,f14240ac-52fa-11e4-aaab-000b6a4d90f4
,,,,f145ef77-52fa-11e4-aaab-000b6a4d90f4
,,,,f149655e-52fa-11e4-aaab-000b6a4d90f4
,,,,f14ad924-52fa-11e4-aaab-000b6a4d90f4
,,,,f14b7c4f-52fa-11e4-aaab-000b6a4d90f4
,,,,f14c2aa0-52fa-11e4-aaab-000b6a4d90f4
,,,,f14debaf-52fa-11e4-aaab-000b6a4d90f4
,,,,f1516d8a-52fa-11e4-aaab-000b6a4d90f4
,,,,f1539b52-52fa-11e4-aaab-000b6a4d90f4
,,,,f15435d8-52fa-11e4-aaab-000b6a4d90f4
,,,,f1554206-52fa-11e4-aaab-000b6a4d90f4
,,,,f1570f1e-52fa-11e4-aaab-000b6a4d90f4
,,,,f15be8fe-52fa-11e4-aaab-000b6a4d90f4
,,,,f15cf760-52fa-11e4-aaab-000b6a4d90f4
,,,,f15de934-52fa-11e4-aaab-000b6a4d90f4
,,,,f160611d-52fa-11e4-aaab-000b6a4d90f4
,,,,f1654d93-52fa-11e4-aaab-000b6a4d90f4
,,,,f166b32c-52fa-11e4-aaab-000b6a4d90f4
,,,,f1684d75-52fa-11e4-aaab-000b6a4d90f4
,,,,f1695d34-52fa-11e4-aaab-000b6a4d90f4
,,,,f16d61ac-52fa-11e4-aaab-000b6a4d90f4
,,,,f1700a38-52fa-11e4-aaab-000b6a4d90f4
,,,,f1716a79-52fa-11e4-aaab-000b6a4d90f4
,,,,f17314d2-52fa-11e4-aaab-000b6a4d90f4
,,,,f177a9ef-52fa-11e4-aaab-000b6a4d90f4
,,,,f1791d72-52fa-11e4-aaab-000b6a4d90f4
,,,,f179ee27-52fa-11e4-aaab-000b6a4d90f4
,,,,f17bd6a0-52fa-11e4-aaab-000b6a4d90f4
,,,,f17d6762-52fa-11e4-aaab-000b6a4d90f4
,,,,f17f45e5-52fa-11e4-aaab-000b6a4d90f4
,,,,f1818399-52fa-11e4-aaab-000b6a4d90f4
,,,,f1825759-52fa-11e4-aaab-000b6a4d90f4
,,,,f1833ee5-52fa-11e4-aaab-000b6a4d90f4
,,,,f183b16c-52fa-11e4-aaab-000b6a4d90f4
,,,,f1842597-52fa-11e4-aaab-000b6a4d90f4
,,,,f185c7a7-52fa-11e4-aaab-000b6a4d90f4
,,,,f1866624-52fa-11e4-aaab-000b6a4d90f4
,,,,f1875189-52fa-11e4-aaab-000b6a4d90f4
,,,,f187c574-52fa-11e4-aaab-000b6a4d90f4
,,,,f18837cb-52fa-11e4-aaab-000b6a4d90f4
,,,,f188abb0-52fa-11e4-aaab-000b6a4d90f4
,,,,f18bd372-52fa-11e4-aaab-000b6a4d90f4
,,,,f18c7914-52fa-11e4-aaab-000b6a4d90f4
,,,,f18d0817-52fa-11e4-aaab-000b6a4d90f4
,,,,f18eb0ff-52fa-11e4-aaab-000b6a4d90f4
,,,,f19055a3-52fa-11e4-aaab-000b6a4d90f4
,,,,f190fc44-52fa-11e4-aaab-000b6a4d90f4
,,,,f19250d7-52fa-11e4-aaab-000b6a4d90f4
,,,,f1952a81-52fa-11e4-aaab-000b6a4d90f4
,,,,f1959d9d-52fa-11e4-aaab-000b6a4d90f4
,,,,f196c1c7-52fa-11e4-aaab-000b6a4d90f4
,,,,f1986c5e-52fa-11e4-aaab-000b6a4d90f4
,,,,f19922ea-52fa-11e4-aaab-000b6a4d90f4
,,,,f1999545-52fa-11e4-aaab-000b6a4d90f4
,,,,f19a4305-52fa-11e4-aaab-000b6a4d90f4
,,,,f19d7472-52fa-11e4-aaab-000b6a4d90f4
,,,,f19eed51-52fa-11e4-aaab-000b6a4d90f4
,,,,f19fd1b8-52fa-11e4-aaab-000b6a4d90f4
,,,,f1a153ae-52fa-11e4-aaab-000b6a4d90f4
,,,,f1a26d8e-52fa-11e4-aaab-000b6a4d90f4
,,,,f1a2e1ab-52fa-11e4-aaab-000b6a4d90f4
,,,,f1a38476-52fa-11e4-aaab-000b6a4d90f4
,,,,f1a519e7-52fa-11e4-aaab-000b6a4d90f4
,,,,f1a815d8-52fa-11e4-aaab-000b6a4d90f4
,,,,f1a9e9bd-52fa-11e4-aaab-000b6a4d90f4
,,,,f1ab6c76-52fa-11e4-aaab-000b6a4d90f4
,,,,f1ac2c68-52fa-11e4-aaab-000b6a4d90f4
,,,,f1b124a7-52fa-11e4-aaab-000b6a4d90f4
,,,,f1b1bfe3-52fa-11e4-aaab-000b6a4d90f4
,,,,f1b2f3d5-52fa-11e4-aaab-000b6a4d90f4
,,,,f1b3aa3d-52fa-11e4-aaab-000b6a4d90f4
,,,,f1b46a5e-52fa-11e4-aaab-000b6a4d90f4
,,,,f1b590cd-52fa-11e4-aaab-000b6a4d90f4
,,,,f1b6034c-52fa-11e4-aaab-000b6a4d90f4
,,,,f1b676c6-52fa-11e4-aaab-000b6a4d90f4
,,,,f1b7e68e-52fa-11e4-aaab-000b6a4d90f4
,,,,f1ba9468-52fa-11e4-aaab-000b6a4d90f4
,,,,f1bb164d-52fa-11e4-aaab-000b6a4d90f4
,,,,f1bcaeb0-52fa-11e4-aaab-000b6a4d90f4
,,,,f1bd4dcb-52fa-11e4-aaab-000b6a4d90f4
,,,,f1beccf9-52fa-11e4-aaab-000b6a4d90f4
,,,,f1bf6dc2-52fa-11e4-aaab-000b6a4d90f4
,,,,f1c0ebbd-52fa-11e4-aaab-000b6a4d90f4
,,,,f1c40780-52fa-11e4-aaab-000b6a4d90f4
,,,,f1c55e13-52fa-11e4-aaab-000b6a4d90f4
,,,,f1c66fed-52fa-11e4-aaab-000b6a4d90f4
,,,,f1c79e9a-52fa-11e4-aaab-000b6a4d90f4
,,,,f1c86335-52fa-11e4-aaab-000b6a4d90f4
,,,,f1c8d809-52fa-11e4-aaab-000b6a4d90f4
,,,,f1cb1995-52fa-11e4-aaab-000b6a4d90f4
,,,,f1cd6fe7-52fa-11e4-aaab-000b6a4d90f4
,,,,f1cedac5-52fa-11e4-aaab-000b6a4d90f4
,,,,f1cf79f4-52fa-11e4-aaab-000b6a4d90f4
,,,,f1d015b1-52fa-11e4-aaab-000b6a4d90f4
,,,,f1d11bba-52fa-11e4-aaab-000b6a4d90f4
,,,,f1d251d8-52fa-11e4-aaab-000b6a4d90f4
,,,,f1d64e0a-52fa-11e4-aaab-000b6a4d90f4
,,,,f1d7f680-52fa-11e4-aaab-000b6a4d90f4
,,,,f1d8c8e2-52fa-11e4-aaab-000b6a4d90f4
,,,,f1d9699e-52fa-11e4-aaab-000b6a4d90f4
,,,,f1da7dbe-52fa-11e4-aaab-000b6a4d90f4
,,,,f1db4b3a-52fa-11e4-aaab-000b6a4d90f4
,,,,f1de0792-52fa-11e4-aaab-000b6a4d90f4
,,,,f1e0e4c3-52fa-11e4-aaab-000b6a4d90f4
,,,,f1e40783-52fa-11e4-aaab-000b6a4d90f4
,,,,f1e59375-52fa-11e4-aaab-000b6a4d90f4
,,,,f1e9e8f7-52fa-11e4-aaab-000b6a4d90f4
,,,,f1eb300d-52fa-11e4-aaab-000b6a4d90f4
,,,,f1ec8f11-52fa-11e4-aaab-000b6a4d90f4
,,,,f1ee0071-52fa-11e4-aaab-000b6a4d90f4
,,,,f1efcf9f-52fa-11e4-aaab-000b6a4d90f4
,,,,f1f35aa6-52fa-11e4-aaab-000b6a4d90f4
,,,,f1f46946-52fa-11e4-aaab-000b6a4d90f4
,,,,f1f4f2f8-52fa-11e4-aaab-000b6a4d90f4
,,,,f1f5c577-52fa-11e4-aaab-000b6a4d90f4
,,,,f1f6e727-52fa-11e4-aaab-000b6a4d90f4
,,,,f1f9981e-52fa-11e4-aaab-000b6a4d90f4
,,,,f1fc3e92-52fa-11e4-aaab-000b6a4d90f4
,,,,f1fdafcd-52fa-11e4-aaab-000b6a4d90f4
,,,,f1fe3273-52fa-11e4-aaab-000b6a4d90f4
,,,,f1fecdbc-52fa-11e4-aaab-000b6a4d90f4
,,,,f20034f3-52fa-11e4-aaab-000b6a4d90f4
,,,,f202fa28-52fa-11e4-aaab-000b6a4d90f4
,,,,f20580d2-52fa-11e4-aaab-000b6a4d90f4
,,,,f2071ecb-52fa-11e4-aaab-000b6a4d90f4
,,,,f207bb10-52fa-11e4-aaab-000b6a4d90f4
,,,,f2085133-52fa-11e4-aaab-000b6a4d90f4
,,,,f209883c-52fa-11e4-aaab-000b6a4d90f4
,,,,f20c4af9-52fa-11e4-aaab-000b6a4d90f4
,,,,f20f4106-52fa-11e4-aaab-000b6a4d90f4
,,,,f2100e9e-52fa-11e4-aaab-000b6a4d90f4
,,,,f210c3c2-52fa-11e4-aaab-000b6a4d90f4
,,,,f211e5c6-52fa-11e4-aaab-000b6a4d90f4
,,,,f213d5a0-52fa-11e4-aaab-000b6a4d90f4
,,,,f2183239-52fa-11e4-aaab-000b6a4d90f4
,,,,f218dec1-52fa-11e4-aaab-000b6a4d90f4
,,,,f21a23cd-52fa-11e4-aaab-000b6a4d90f4
,,,,f21bffe6-52fa-11e4-aaab-000b6a4d90f4
,,,,f22004ef-52fa-11e4-aaab-000b6a4d90f4
,,,,f2220cef-52fa-11e4-aaab-000b6a4d90f4
,,,,f2233864-52fa-11e4-aaab-000b6a4d90f4
,,,,f224a7d8-52fa-11e4-aaab-000b6a4d90f4
,,,,f2257fe7-52fa-11e4-aaab-000b6a4d90f4
,,,,f22aab9a-52fa-11e4-aaab-000b6a4d90f4
,,,,f22bf02e-52fa-11e4-aaab-000b6a4d90f4
,,,,f22d8720-52fa-11e4-aaab-000b6a4d90f4
,,,,f22ea664-52fa-11e4-aaab-000b6a4d90f4
,,,,f233d1b2-52fa-11e4-aaab-000b6a4d90f4
,,,,f234e4df-52fa-11e4-aaab-000b6a4d90f4
,,,,f23618e8-52fa-11e4-aaab-000b6a4d90f4
,,,,f2377165-52fa-11e4-aaab-000b6a4d90f4
,,,,f23a2d83-52fa-11e4-aaab-000b6a4d90f4
,,,,f23df966-52fa-11e4-aaab-000b6a4d90f4
,,,,f23eb245-52fa-11e4-aaab-000b6a4d90f4
,,,,f23fbadc-52fa-11e4-aaab-000b6a4d90f4
,,,,f24100a8-52fa-11e4-aaab-000b6a4d90f4
,,,,f244b1ad-52fa-11e4-aaab-000b6a4d90f4
,,,,f24922e0-52fa-11e4-aaab-000b6a4d90f4
,,,,f24a500b-52fa-11e4-aaab-000b6a4d90f4
,,,,f24b70f8-52fa-11e4-aaab-000b6a4d90f4
,,,,f24f74af-52fa-11e4-aaab-000b6a4d90f4
,,,,f2521c9c-52fa-11e4-aaab-000b6a4d90f4
,,,,f2538d27-52fa-11e4-aaab-000b6a4d90f4
,,,,f257e2b7-52fa-11e4-aaab-000b6a4d90f4
,,,,f259a858-52fa-11e4-aaab-000b6a4d90f4
,,,,f25c3b1a-52fa-11e4-aaab-000b6a4d90f4
,,,,f25dc5db-52fa-11e4-aaab-000b6a4d90f4
,,,,f262448e-52fa-11e4-aaab-000b6a4d90f4
,,,,f2649122-52fa-11e4-aaab-000b6a4d90f4
,,,,f265a2ef-52fa-11e4-aaab-000b6a4d90f4
,,,,f267f82a-52fa-11e4-aaab-000b6a4d90f4
,,,,f26bb7e4-52fa-11e4-aaab-000b6a4d90f4
,,,,f26dd864-52fa-11e4-aaab-000b6a4d90f4
,,,,f27017f3-52fa-11e4-aaab-000b6a4d90f4
,,,,f2746d31-52fa-11e4-aaab-000b6a4d90f4
,,,,f2754854-52fa-11e4-aaab-000b6a4d90f4
,,,,f2779b1e-52fa-11e4-aaab-000b6a4d90f4
,,,,f2796ae5-52fa-11e4-aaab-000b6a4d90f4
,,,,f27b8dc3-52fa-11e4-aaab-000b6a4d90f4
,,,,f2845e85-52fa-11e4-aaab-000b6a4d90f4
,,,,f28a7edf-52fa-11e4-aaab-000b6a4d90f4
,,,,f293dbbf-52fa-11e4-aaab-000b6a4d90f4
,,,,f2958af7-52fa-11e4-aaab-000b6a4d90f4
,,,,f2991e12-52fa-11e4-aaab-000b6a4d90f4
,,,,f29c9057-52fa-11e4-aaab-000b6a4d90f4
,,,,f29e77da-52fa-11e4-aaab-000b6a4d90f4
,,,,f2a11580-52fa-11e4-aaab-000b6a4d90f4
,,,,f2a60f7b-52fa-11e4-aaab-000b6a4d90f4
,,,,f2a7e960-52fa-11e4-aaab-000b6a4d90f4
,,,,f2aafcb5-52fa-11e4-aaab-000b6a4d90f4
,,,,f2aee88b-52fa-11e4-aaab-000b6a4d90f4
,,,,f2b037c5-52fa-11e4-aaab-000b6a4d90f4
,,,,f2b1dc6f-52fa-11e4-aaab-000b6a4d90f4
,,,,f2b3f144-52fa-11e4-aaab-000b6a4d90f4
,,,,f2b575ba-52fa-11e4-aaab-000b6a4d90f4
,,,,f2b8dad9-52fa-11e4-aaab-000b6a4d90f4
,,,,f2b9d4b7-52fa-11e4-aaab-000b6a4d90f4
,,,,f2ba62cf-52fa-11e4-aaab-000b6a4d90f4
,,,,f2bad5e8-52fa-11e4-aaab-000b6a4d90f4
,,,,f2bc2196-52fa-11e4-aaab-000b6a4d90f4
,,,,f2bcf9db-52fa-11e4-aaab-000b6a4d90f4
,,,,f2bde395-52fa-11e4-aaab-000b6a4d90f4
,,,,f2be548a-52fa-11e4-aaab-000b6a4d90f4
,,,,f2bec5ef-52fa-11e4-aaab-000b6a4d90f4
,,,,f2c210ad-52fa-11e4-aaab-000b6a4d90f4
,,,,f2c2fa4f-52fa-11e4-aaab-000b6a4d90f4
,,,,f2c42758-52fa-11e4-aaab-000b6a4d90f4
,,,,f2c57301-52fa-11e4-aaab-000b6a4d90f4
,,,,f2c6ee70-52fa-11e4-aaab-000b6a4d90f4
,,,,f2c77a9a-52fa-11e4-aaab-000b6a4d90f4
,,,,f2c81353-52fa-11e4-aaab-000b6a4d90f4
,,,,f2cb4e87-52fa-11e4-aaab-000b6a4d90f4
,,,,f2cc62ce-52fa-11e4-aaab-000b6a4d90f4
,,,,f2cd160f-52fa-11e4-aaab-000b6a4d90f4
,,,,f2ce1660-52fa-11e4-aaab-000b6a4d90f4
,,,,f2cf17cc-52fa-11e4-aaab-000b6a4d90f4
,,,,f2d02480-52fa-11e4-aaab-000b6a4d90f4
,,,,f2d12ced-52fa-11e4-aaab-000b6a4d90f4
,,,,f2d4a6e0-52fa-11e4-aaab-000b6a4d90f4
,,,,f2d5c8c6-52fa-11e4-aaab-000b6a4d90f4
,,,,f2d6e5d6-52fa-11e4-aaab-000b6a4d90f4
,,,,f2d83ccf-52fa-11e4-aaab-000b6a4d90f4
,,,,f2d944cc-52fa-11e4-aaab-000b6a4d90f4
,,,,f2da316b-52fa-11e4-aaab-000b6a4d90f4
,,,,f2dc4a53-52fa-11e4-aaab-000b6a4d90f4
,,,,f2deddae-52fa-11e4-aaab-000b6a4d90f4
,,,,f2e0cd29-52fa-11e4-aaab-000b6a4d90f4
,,,,f2e19e96-52fa-11e4-aaab-000b6a4d90f4
,,,,f2e25233-52fa-11e4-aaab-000b6a4d90f4
,,,,f2e2d94f-52fa-11e4-aaab-000b6a4d90f4
,,,,f2e5848d-52fa-11e4-aaab-000b6a4d90f4
,,,,f2e80e1c-52fa-11e4-aaab-000b6a4d90f4
,,,,f2e87f3b-52fa-11e4-aaab-000b6a4d90f4
,,,,f2e9b7fd-52fa-11e4-aaab-000b6a4d90f4
,,,,f2eab4bf-52fa-11e4-aaab-000b6a4d90f4
,,,,f2eb3ca5-52fa-11e4-aaab-000b6a4d90f4
,,,,f2ebaf05-52fa-11e4-aaab-000b6a4d90f4
,,,,f2ed4b23-52fa-11e4-aaab-000b6a4d90f4
,,,,f2f14431-52fa-11e4-aaab-000b6a4d90f4
,,,,f2f2134b-52fa-11e4-aaab-000b6a4d90f4
,,,,f2f38b63-52fa-11e4-aaab-000b6a4d90f4
,,,,f2f491b8-52fa-11e4-aaab-000b6a4d90f4
,,,,f2f56bfe-52fa-11e4-aaab-000b6a4d90f4
,,,,f2f64570-52fa-11e4-aaab-000b6a4d90f4
,,,,f2f6b7ea-52fa-11e4-aaab-000b6a4d90f4
,,,,f2f73f1f-52fa-11e4-aaab-000b6a4d90f4
,,,,f2faefac-52fa-11e4-aaab-000b6a4d90f4
,,,,f2fbf851-52fa-11e4-aaab-000b6a4d90f4
,,,,f2fc7fcc-52fa-11e4-aaab-000b6a4d90f4
,,,,f2fe07f4-52fa-11e4-aaab-000b6a4d90f4
,,,,f2feb7d0-52fa-11e4-aaab-000b6a4d90f4
,,,,f2ff9d3b-52fa-11e4-aaab-000b6a4d90f4
,,,,f3011673-52fa-11e4-aaab-000b6a4d90f4
,,,,f3025e98-52fa-11e4-aaab-000b6a4d90f4
,,,,f304fe1c-52fa-11e4-aaab-000b6a4d90f4
,,,,f305e59c-52fa-11e4-aaab-000b6a4d90f4
,,,,f306f37e-52fa-11e4-aaab-000b6a4d90f4
,,,,f30781c0-52fa-11e4-aaab-000b6a4d90f4
,,,,f307f22c-52fa-11e4-aaab-000b6a4d90f4
,,,,f308d5a9-52fa-11e4-aaab-000b6a4d90f4
,,,,f30a3536-52fa-11e4-aaab-000b6a4d90f4
,,,,f30c258b-52fa-11e4-aaab-000b6a4d90f4
,,,,f30e0cf5-52fa-11e4-aaab-000b6a4d90f4
,,,,f30ebfce-52fa-11e4-aaab-000b6a4d90f4
,,,,f3104b72-52fa-11e4-aaab-000b6a4d90f4
,,,,f3117bbc-52fa-11e4-aaab-000b6a4d90f4
,,,,f31204ae-52fa-11e4-aaab-000b6a4d90f4
,,,,f312d11e-52fa-11e4-aaab-000b6a4d90f4
,,,,f313461a-52fa-11e4-aaab-000b6a4d90f4
,,,,f314007e-52fa-11e4-aaab-000b6a4d90f4
,,,,f316ce22-52fa-11e4-aaab-000b6a4d90f4
,,,,f31767d4-52fa-11e4-aaab-000b6a4d90f4
,,,,f317d936-52fa-11e4-aaab-000b6a4d90f4
,,,,f318ae3a-52fa-11e4-aaab-000b6a4d90f4
,,,,f31a2f56-52fa-11e4-aaab-000b6a4d90f4
,,,,f31b3dbd-52fa-11e4-aaab-000b6a4d90f4
,,,,f31c383e-52fa-11e4-aaab-000b6a4d90f4
,,,,f31ce52d-52fa-11e4-aaab-000b6a4d90f4
,,,,f31d5662-52fa-11e4-aaab-000b6a4d90f4
,,,,f31e1f70-52fa-11e4-aaab-000b6a4d90f4
,,,,f320ae76-52fa-11e4-aaab-000b6a4d90f4
,,,,f321bfaf-52fa-11e4-aaab-000b6a4d90f4
,,,,f32230f5-52fa-11e4-aaab-000b6a4d90f4
,,,,f322a36f-52fa-11e4-aaab-000b6a4d90f4
,,,,f3233d82-52fa-11e4-aaab-000b6a4d90f4
,,,,f323dbc1-52fa-11e4-aaab-000b6a4d90f4
,,,,f32496a5-52fa-11e4-aaab-000b6a4d90f4
,,,,f325f599-52fa-11e4-aaab-000b6a4d90f4
,,,,f3273639-52fa-11e4-aaab-000b6a4d90f4
,,,,f329aaf2-52fa-11e4-aaab-000b6a4d90f4
,,,,f32a62a1-52fa-11e4-aaab-000b6a4d90f4
,,,,f32afbe0-52fa-11e4-aaab-000b6a4d90f4
,,,,f32bfe12-52fa-11e4-aaab-000b6a4d90f4
,,,,f32e9d5b-52fa-11e4-aaab-000b6a4d90f4
,,,,f32f13de-52fa-11e4-aaab-000b6a4d90f4
,,,,f32fb80c-52fa-11e4-aaab-000b6a4d90f4
,,,,f330edc6-52fa-11e4-aaab-000b6a4d90f4
,,,,f333d189-52fa-11e4-aaab-000b6a4d90f4
,,,,f334452a-52fa-11e4-aaab-000b6a4d90f4
,,,,f334b930-52fa-11e4-aaab-000b6a4d90f4
,,,,f335462e-52fa-11e4-aaab-000b6a4d90f4
,,,,f3361fe1-52fa-11e4-aaab-000b6a4d90f4
,,,,f336a46f-52fa-11e4-aaab-000b6a4d90f4
,,,,f3376c29-52fa-11e4-aaab-000b6a4d90f4
,,,,f3389f14-52fa-11e4-aaab-000b6a4d90f4
,,,,f33a5d31-52fa-11e4-aaab-000b6a4d90f4
,,,,f33cc214-52fa-11e4-aaab-000b6a4d90f4
,,,,f33da56a-52fa-11e4-aaab-000b6a4d90f4
,,,,f33e9d75-52fa-11e4-aaab-000b6a4d90f4
,,,,f34032d0-52fa-11e4-aaab-000b6a4d90f4
,,,,f340ac69-52fa-11e4-aaab-000b6a4d90f4
,,,,f3412080-52fa-11e4-aaab-000b6a4d90f4
,,,,f3421503-52fa-11e4-aaab-000b6a4d90f4
,,,,f34288dc-52fa-11e4-aaab-000b6a4d90f4
,,,,f345cbf7-52fa-11e4-aaab-000b6a4d90f4
,,,,f346b602-52fa-11e4-aaab-000b6a4d90f4
,,,,f34763e4-52fa-11e4-aaab-000b6a4d90f4
,,,,f3480c70-52fa-11e4-aaab-000b6a4d90f4
,,,,f348bf8f-52fa-11e4-aaab-000b6a4d90f4
,,,,f34948be-52fa-11e4-aaab-000b6a4d90f4
,,,,f34a028b-52fa-11e4-aaab-000b6a4d90f4
,,,,f34abafd-52fa-11e4-aaab-000b6a4d90f4
,,,,f34b7569-52fa-11e4-aaab-000b6a4d90f4
,,,,f34d592c-52fa-11e4-aaab-000b6a4d90f4
,,,,f34f89e9-52fa-11e4-aaab-000b6a4d90f4
,,,,f3505526-52fa-11e4-aaab-000b6a4d90f4
,,,,f3515981-52fa-11e4-aaab-000b6a4d90f4
,,,,f3525744-52fa-11e4-aaab-000b6a4d90f4
,,,,f353c02f-52fa-11e4-aaab-000b6a4d90f4
,,,,f3543315-52fa-11e4-aaab-000b6a4d90f4
,,,,f355a601-52fa-11e4-aaab-000b6a4d90f4
,,,,f358dbd2-52fa-11e4-aaab-000b6a4d90f4
,,,,f3596735-52fa-11e4-aaab-000b6a4d90f4
,,,,f35a50e4-52fa-11e4-aaab-000b6a4d90f4
,,,,f35b835d-52fa-11e4-aaab-000b6a4d90f4
,,,,f35c37b5-52fa-11e4-aaab-000b6a4d90f4
,,,,f35ceded-52fa-11e4-aaab-000b6a4d90f4
,,,,f35e78d0-52fa-11e4-aaab-000b6a4d90f4
,,,,f360d697-52fa-11e4-aaab-000b6a4d90f4
,,,,f3633fae-52fa-11e4-aaab-000b6a4d90f4
,,,,f364a733-52fa-11e4-aaab-000b6a4d90f4
,,,,f365c6af-52fa-11e4-aaab-000b6a4d90f4
,,,,f366c46d-52fa-11e4-aaab-000b6a4d90f4
,,,,f3679681-52fa-11e4-aaab-000b6a4d90f4
,,,,f36bb508-52fa-11e4-aaab-000b6a4d90f4
,,,,f36c78bb-52fa-11e4-aaab-000b6a4d90f4
,,,,f36d50bc-52fa-11e4-aaab-000b6a4d90f4
,,,,f36ee824-52fa-11e4-aaab-000b6a4d90f4
,,,,f37044d5-52fa-11e4-aaab-000b6a4d90f4
,,,,f371b2f2-52fa-11e4-aaab-000b6a4d90f4
,,,,f375620a-52fa-11e4-aaab-000b6a4d90f4
,,,,f37674d3-52fa-11e4-aaab-000b6a4d90f4
,,,,f37768f3-52fa-11e4-aaab-000b6a4d90f4
,,,,f37947d8-52fa-11e4-aaab-000b6a4d90f4
,,,,f37b1f56-52fa-11e4-aaab-000b6a4d90f4
,,,,f37ee37f-52fa-11e4-aaab-000b6a4d90f4
,,,,f37ffb28-52fa-11e4-aaab-000b6a4d90f4
,,,,f38199f5-52fa-11e4-aaab-000b6a4d90f4
,,,,f3820dc6-52fa-11e4-aaab-000b6a4d90f4
,,,,f385068b-52fa-11e4-aaab-000b6a4d90f4
,,,,f3886ca8-52fa-11e4-aaab-000b6a4d90f4
,,,,f389e331-52fa-11e4-aaab-000b6a4d90f4
,,,,f38ba23b-52fa-11e4-aaab-000b6a4d90f4
,,,,f38d2802-52fa-11e4-aaab-000b6a4d90f4
,,,,f3917bb4-52fa-11e4-aaab-000b6a4d90f4
,,,,f3936ae1-52fa-11e4-aaab-000b6a4d90f4
,,,,f3944d89-52fa-11e4-aaab-000b6a4d90f4
,,,,f395ffed-52fa-11e4-aaab-000b6a4d90f4
,,,,f39aa555-52fa-11e4-aaab-000b6a4d90f4
,,,,f39c4008-52fa-11e4-aaab-000b6a4d90f4
,,,,f39ce897-52fa-11e4-aaab-000b6a4d90f4
,,,,f39d7018-52fa-11e4-aaab-000b6a4d90f4
,,,,f39e8576-52fa-11e4-aaab-000b6a4d90f4
,,,,f3a16a64-52fa-11e4-aaab-000b6a4d90f4
,,,,f3a4ef04-52fa-11e4-aaab-000b6a4d90f4
,,,,f3a5e003-52fa-11e4-aaab-000b6a4d90f4
,,,,f3a66497-52fa-11e4-aaab-000b6a4d90f4
,,,,f3a6d751-52fa-11e4-aaab-000b6a4d90f4
,,,,f3a790a5-52fa-11e4-aaab-000b6a4d90f4
,,,,f3aa5b89-52fa-11e4-aaab-000b6a4d90f4
,,,,f3ab0eb4-52fa-11e4-aaab-000b6a4d90f4
,,,,f3ad564d-52fa-11e4-aaab-000b6a4d90f4
,,,,f3ae59ce-52fa-11e4-aaab-000b6a4d90f4
,,,,f3b01302-52fa-11e4-aaab-000b6a4d90f4
,,,,f3b086d0-52fa-11e4-aaab-000b6a4d90f4
,,,,f3b0fdde-52fa-11e4-aaab-000b6a4d90f4
